-- Adminer 4.6.2 MySQL dump

SET NAMES utf8;
SET time_zone = '+00:00';
SET foreign_key_checks = 0;
SET sql_mode = 'NO_AUTO_VALUE_ON_ZERO';

DROP TABLE IF EXISTS `cp_qa_answer_log`;
CREATE TABLE `cp_qa_answer_log` (
  `answer_log_id` int(10) NOT NULL AUTO_INCREMENT,
  `session_id` int(5) NOT NULL,
  `question_id` int(10) DEFAULT NULL,
  `answer` text,
  `log_status` tinyint(1) DEFAULT NULL,
  `created_at` datetime DEFAULT NULL,
  `updated_at` datetime DEFAULT NULL,
  PRIMARY KEY (`answer_log_id`)
) ENGINE=InnoDB DEFAULT CHARSET=latin1;

INSERT INTO `cp_qa_answer_log` (`answer_log_id`, `session_id`, `question_id`, `answer`, `log_status`, `created_at`, `updated_at`) VALUES
(1,	1,	3,	'7',	1,	'2019-01-09 15:23:16',	NULL),
(2,	1,	2,	'5',	1,	'2019-01-09 15:23:16',	NULL),
(3,	1,	1,	'2',	1,	'2019-01-09 15:23:16',	NULL),
(4,	2,	3,	'8',	0,	'2019-01-10 16:07:06',	NULL),
(5,	2,	2,	'5',	1,	'2019-01-10 16:07:06',	NULL),
(6,	2,	1,	'3',	0,	'2019-01-10 16:07:07',	NULL),
(7,	3,	8,	'16',	0,	'2019-01-10 16:07:15',	NULL),
(8,	3,	7,	'18',	0,	'2019-01-10 16:07:15',	NULL),
(9,	9,	10,	'19',	1,	'2019-01-16 15:46:12',	NULL),
(10,	9,	3,	'7',	1,	'2019-01-16 15:46:12',	NULL),
(11,	9,	2,	'5',	1,	'2019-01-16 15:46:12',	NULL),
(12,	9,	1,	'2',	1,	'2019-01-16 15:46:13',	NULL),
(13,	10,	10,	'19',	1,	'2019-01-16 16:17:01',	NULL),
(14,	10,	2,	'5',	1,	'2019-01-16 16:17:01',	NULL),
(15,	10,	1,	'2',	1,	'2019-01-16 16:17:02',	NULL);

DROP TABLE IF EXISTS `cp_qa_group`;
CREATE TABLE `cp_qa_group` (
  `id` int(5) NOT NULL AUTO_INCREMENT,
  `title` varchar(30) DEFAULT NULL,
  `label` varchar(30) DEFAULT NULL,
  `subtitle` varchar(30) DEFAULT NULL,
  `duration` varchar(30) DEFAULT NULL,
  `slug` varchar(30) NOT NULL,
  `status` varchar(30) NOT NULL,
  `description` text,
  `created_at` datetime DEFAULT NULL,
  `updated_at` datetime DEFAULT NULL,
  PRIMARY KEY (`id`)
) ENGINE=InnoDB DEFAULT CHARSET=latin1;

INSERT INTO `cp_qa_group` (`id`, `title`, `label`, `subtitle`, `duration`, `slug`, `status`, `description`, `created_at`, `updated_at`) VALUES
(1,	'Matematika',	'quiz',	'Kumpulan Soal Matematika',	'1',	'',	'publish',	NULL,	'2019-01-07 14:22:45',	NULL),
(2,	'Bahasa Indonesia',	'quiz',	'Kumpulan Bahasa Indonesia',	'30',	'',	'publish',	NULL,	'2019-01-07 14:23:02',	'2019-01-09 11:28:37'),
(3,	'Survey Kepuasan',	'survey',	'Survey Kepuasan Isi Dengan Len',	'30',	'',	'publish',	NULL,	'2019-01-09 11:29:04',	'2019-01-09 11:37:28'),
(4,	'Survey Kesulitan Soal',	'survey',	'Survey Kesulitan Soal',	'30',	'',	'publish',	NULL,	'2019-01-09 13:29:04',	'2019-01-09 15:04:19');

DROP TABLE IF EXISTS `cp_qa_group_rel`;
CREATE TABLE `cp_qa_group_rel` (
  `id` int(10) NOT NULL AUTO_INCREMENT,
  `group_id` int(10) DEFAULT NULL,
  `school_id` int(10) DEFAULT NULL,
  `created_at` datetime DEFAULT NULL,
  PRIMARY KEY (`id`)
) ENGINE=InnoDB DEFAULT CHARSET=latin1;

INSERT INTO `cp_qa_group_rel` (`id`, `group_id`, `school_id`, `created_at`) VALUES
(22,	2,	1,	'2019-01-16 18:49:55'),
(23,	2,	2,	'2019-01-16 18:49:57'),
(24,	1,	2,	'2019-01-24 13:43:10'),
(25,	1,	1,	'2019-01-24 13:43:12');

DROP TABLE IF EXISTS `cp_qa_hint`;
CREATE TABLE `cp_qa_hint` (
  `hint_id` int(10) NOT NULL AUTO_INCREMENT,
  `question_id` int(10) NOT NULL,
  `hint_content` text NOT NULL,
  `hint_category` varchar(255) NOT NULL,
  `hint_sort` int(2) NOT NULL,
  `created_at` datetime NOT NULL,
  `updated_at` datetime NOT NULL,
  PRIMARY KEY (`hint_id`),
  KEY `question_id` (`question_id`)
) ENGINE=InnoDB DEFAULT CHARSET=latin1;

INSERT INTO `cp_qa_hint` (`hint_id`, `question_id`, `hint_content`, `hint_category`, `hint_sort`, `created_at`, `updated_at`) VALUES
(1,	1,	'<p>Lorem ipsum</p>',	'Prosedural',	1,	'2019-01-07 14:29:36',	'2019-01-16 15:36:56'),
(2,	1,	'<p>Lorem ipsum</p>',	'Prosedural',	2,	'2019-01-07 14:29:54',	'2019-01-16 15:36:47'),
(3,	10,	'<p>Beda</p>',	'Strategi',	1,	'2019-01-16 14:56:09',	'2019-01-16 14:56:20'),
(4,	10,	'<p>Banget</p>',	'Prosedural',	2,	'2019-01-16 15:25:06',	'0000-00-00 00:00:00'),
(5,	10,	'<p>Siap</p>',	'Deklaratif',	3,	'2019-01-16 15:25:17',	'0000-00-00 00:00:00');

DROP TABLE IF EXISTS `cp_qa_hint_log`;
CREATE TABLE `cp_qa_hint_log` (
  `id` int(11) NOT NULL AUTO_INCREMENT,
  `result_id` int(5) NOT NULL,
  `question_id` int(10) NOT NULL,
  `hint_id` int(10) NOT NULL,
  `hint_log_duration` int(10) DEFAULT NULL,
  `created_at` datetime NOT NULL,
  PRIMARY KEY (`id`),
  KEY `result_id` (`result_id`)
) ENGINE=InnoDB DEFAULT CHARSET=latin1;

INSERT INTO `cp_qa_hint_log` (`id`, `result_id`, `question_id`, `hint_id`, `hint_log_duration`, `created_at`) VALUES
(1,	1,	1,	1,	10,	'2019-01-09 15:22:51'),
(2,	1,	1,	2,	6,	'2019-01-09 15:23:03'),
(3,	9,	1,	1,	3,	'2019-01-16 15:40:34'),
(4,	9,	10,	3,	3,	'2019-01-16 15:45:06'),
(5,	9,	10,	4,	2,	'2019-01-16 15:45:10'),
(6,	9,	10,	5,	2,	'2019-01-16 15:45:13'),
(7,	9,	10,	4,	2,	'2019-01-16 15:46:00'),
(8,	10,	10,	4,	4,	'2019-01-16 16:16:56');

DROP TABLE IF EXISTS `cp_qa_option`;
CREATE TABLE `cp_qa_option` (
  `option_id` int(10) NOT NULL AUTO_INCREMENT,
  `question_id` int(10) DEFAULT NULL,
  `option_content` text,
  `is_right` tinyint(1) DEFAULT NULL,
  `created_at` datetime DEFAULT NULL,
  `updated_at` datetime DEFAULT NULL,
  PRIMARY KEY (`option_id`)
) ENGINE=InnoDB DEFAULT CHARSET=latin1;

INSERT INTO `cp_qa_option` (`option_id`, `question_id`, `option_content`, `is_right`, `created_at`, `updated_at`) VALUES
(1,	1,	'<p>3</p>',	0,	'2019-01-07 14:28:52',	NULL),
(2,	1,	'<p>4</p>',	1,	'2019-01-07 14:29:00',	NULL),
(3,	1,	'6',	0,	'2019-01-07 14:29:14',	NULL),
(4,	2,	'<p>5</p>',	0,	'2019-01-07 14:32:29',	NULL),
(5,	2,	'<p>1</p>',	1,	'2019-01-07 14:32:34',	NULL),
(6,	3,	'<p>4</p>',	0,	'2019-01-08 13:38:54',	NULL),
(7,	3,	'<p>12</p>',	1,	'2019-01-08 13:39:06',	NULL),
(8,	3,	'<p>40</p>',	0,	'2019-01-08 13:39:15',	NULL),
(9,	5,	'<p>Bekerja</p>',	0,	'2019-01-09 13:59:56',	'2019-01-09 14:01:37'),
(10,	5,	'<p>Zona Nyaman</p>',	0,	'2019-01-09 14:01:22',	'2019-01-09 14:01:30'),
(11,	4,	'<p>Gak Tahu</p>',	0,	'2019-01-09 14:03:00',	NULL),
(12,	4,	'<p>Siap Saja</p>',	0,	'2019-01-09 14:03:07',	NULL),
(13,	6,	'<p>Rere</p>',	0,	'2019-01-09 14:37:56',	NULL),
(14,	6,	'<p>Gege</p>',	0,	'2019-01-09 14:38:01',	NULL),
(15,	8,	'<p>Iya</p>',	0,	'2019-01-09 15:04:34',	NULL),
(16,	8,	'<p>Tidak</p>',	0,	'2019-01-09 15:04:40',	NULL),
(17,	7,	'<p>Iya</p>',	0,	'2019-01-09 15:04:51',	NULL),
(18,	7,	'<p>Tidak</p>',	0,	'2019-01-09 15:04:58',	NULL),
(19,	10,	'<p>Yes</p>',	1,	'2019-01-16 15:25:25',	NULL),
(20,	10,	'<p>No</p>',	0,	'2019-01-16 15:25:32',	NULL);

DROP TABLE IF EXISTS `cp_qa_question`;
CREATE TABLE `cp_qa_question` (
  `question_id` int(10) NOT NULL AUTO_INCREMENT,
  `question_title` varchar(255) DEFAULT NULL,
  `question_content` text,
  `hint` text NOT NULL,
  `creator` int(5) DEFAULT NULL,
  `question_status` varchar(20) DEFAULT NULL,
  `created_at` datetime DEFAULT NULL,
  `updated_at` datetime DEFAULT NULL,
  PRIMARY KEY (`question_id`)
) ENGINE=InnoDB DEFAULT CHARSET=latin1;

INSERT INTO `cp_qa_question` (`question_id`, `question_title`, `question_content`, `hint`, `creator`, `question_status`, `created_at`, `updated_at`) VALUES
(1,	'Berapa 2 x 2 ?',	'<p>Berapa 2 x 2?</p>',	'',	1,	'publish',	'2019-01-07 14:23:44',	'2019-01-07 14:30:19'),
(2,	'Berapa 2:2 ?',	'<p>Berapa 2:2 ?</p>',	'',	1,	'publish',	'2019-01-07 14:24:03',	'2019-01-07 14:30:53'),
(3,	'Berapa 6 + 6?',	'<p>Berapa 6 + 6?<br></p>',	'',	1,	'publish',	'2019-01-08 13:38:43',	'2019-01-09 14:03:58'),
(4,	'Mengapa Kamu Begitu?',	'<p>Mengapa Kamu Begitu?<br></p>',	'',	1,	'publish',	'2019-01-09 13:51:12',	NULL),
(5,	'Kamu apakah orang beler?',	'<p>Kamu apakah orang beler?<br></p>',	'',	1,	'publish',	'2019-01-09 13:57:02',	'2019-01-09 14:02:51'),
(6,	'Hahaha',	'<p>Hahaha</p>',	'',	1,	'publish',	'2019-01-09 14:03:29',	'2019-01-09 14:03:50'),
(7,	'Apakah Soal Sangat Sulit?',	'<p>Apakah Soal Sangat Sulit?<br></p>',	'',	1,	'publish',	'2019-01-09 15:03:45',	NULL),
(8,	'Mudahkah?',	'<p>Mudahkah?<br></p>',	'',	1,	'publish',	'2019-01-09 15:04:05',	NULL),
(9,	'Test',	'<p><img src=\"data:image/png;base64,iVBORw0KGgoAAAANSUhEUgAAAe4AAAFICAIAAAAZMIryAAAAA3NCSVQICAjb4U/gAAAAEHRFWHRTb2Z0d2FyZQBTaHV0dGVyY4LQCQAAIABJREFUeNrsnXtcTPn/x1/dzoRmapuJLn4quxG6UFpFKkqJWpEl7VIuG7tEtnYplsotl2Td70q7knVpN7RyC62QrBQqu118NWWbsZkpmekyvz+6p9x3N3k/H+fB9Dnn8zmfz/vzOa/zPu/zOefIyWQyEARBEO8y8mQCgiAIknKCIAiCpJwgCIIgKScIgiApJwiCIEjKCYIgCJJygiAIgqScIAiCpJwgCIIgKScIgiBIygmCIAiScoIgCJJygiAIgqScIAiCICknCIIgSMoJgiBIygmCIAiScoIgCIKknCAIgiApJwiCICknCIIgSMoJgiAIknKCIAiCpJwgCIKknCAIgiApJwiCIP4DFPMK+GQFgiDeKxTk5Tt1Yqly2Ayj2DFaJCeTyahfCYJ4r6isqioqFiorM115H3SMFlGAhSCI9w4lRUUtTe6TJ087TItIygmCeE/VvCPFJEjKCYIgSMoJgiAIknKCIAiCpJwgCIKknCAIgiApJwiCIEjKCYIgCJJygiAIknKCIAiCpJwgCIL4L3nNt4KVPhYdPBSfnf1nVXU1AA0NrqPDUMuPB5BBiXeLv0qER+N+zc2731O/x9gxTt268sgmxHsk5dE/HrWx/njWF5/V/llW/mTTln3l5U/shw35x6uctsM7qtO3G6f0pd4j3pif4xNv38kBcPtOjry8vM/0SS30fZzbyK4a3HZX74ajoPzS8nnnP/puiYcudeZ7zWsGWB4UFpua9PWdv9R3/lKZTKbSpfO8OdNS026dPf/bc3KJUvfNcXfsb2Te39bLPzZbQuYn/mty8/7X8Dsv/39N9b2i4untOzk/xye2kVV8NzZwtJl5XyP39Vn/WP346WduiVpJNxyzaO7o11Fv6YOUS3nl1PEk5bUoyLfM2LlzJ78501LTbp1IONd6HsGpoLmbz+UxpsPtDJGTsMw3JFlMHUD8t5SVlT/7u7m+P2glmyR7/1R392WXBf9w9QqSf47PELayooumwUfcLq9RYta56MR7j6njOxxv9AWNTREhTf9UVmb5zZm2aWtkZWWl2ydOLTYuOXskWQxDv01RM/SRvtLhsyMnD11eaO3Eadyk+JfvVt0dNL5z8uE0rck75w1kStKjo05c//PhY3TSMnac5jXcoPngLb0Vt/entLtFosrOXBPr8dMm9FUDgMqCSzF7424VCCqg2s3E0WOmS68uAEqu7939c8qfj56gE+9Dc48Zk6w0ADy5d+rgD4k5BY8rlHj6Np9OnmzOrS15x4Hku0UV6Kyua+Y4zWuoLkOjpQOipKRUWVlZ/1vxOfreXMpz0iVWSw97Y/X4kNQ2Cy+9FbfjwJW7RRVKWgb2nlM8TDgASm8d3nHg+l1BBTpz+wwaM+0zUw3g3o/frXnsOE017ZcM4ePHlRqDJs33Nn18KHTpiYeV2OB9w/Lb8GF/ND06rNN8moQZn9w/t37byVtFlZ17mHp8OdlGW0l6ZbPPT9xF4ZMMAKAy5fuAaFW/rWaXvtp49XElgmZcHxca9Im26M7xmOjEO0VPoKSqb+Xm8flQTebZw5BGSUf2yhUUSh+3ct2nrMyaO3tqbt7/4n451dIbuJUthYq+oT4A6Jv3ZCDNyihseVhV/ZF8R3fGki0zTBk8OBgenc4bvfj77yPXzbF/krhm9/VmR1XJuYhtaUqOszfs/n7nwlFKV/duPicEgIITm6LuaXkG7ozasGGuSUnc3ti7lcCTlKjodN74tVu3/Ph9wGTevb1RV8qB0ivRa048sZy7JHL3urWe3e5s23KwAJDeObj7itLogJ1RW3aGTvro/s97zwtprHRIRthbN/k9tGEgNhmUrbk7HNfwAyETDdnPkzn+uYhtaapuflt2LVvsiIvb9l4sBfiJqzdeVxo9Z8vu73cudFS6unfzqWIADPDkxqW7xtNWhS3b+t1wJB+O/wO6EwJnGivyHP0iwyf1bXl0NEWYcv6hjf+qyK2B41Rz9u6+VNJWlUymhHyqp9RjzMrdQZ9oo/TS/ogTFTZzl+3cvW6lp/qdqC2xfzx7GBIdWsqHDxu8bUd0xdNWvsHBYjG+X3nd/x//+MmzTd0YsVgKsNns2iOBYQMQi5+9PlX6cOgnH3G7dFHC3UsXHxt4eJpqMECX7g5uAztnXLnVRMv5V5MLejhOHqrZBWC0B3o4qv+RnF4CQHd0yLrAaeZcBkpqH1laaVUUFFUAVeVPoKTUSYkBumgO/GLJrgDLLhBdP39H1XG8s25nQEnNZIyzoTAl+QHw5MkTKHXuzACMRt/Jy9aFOHFprHRInJ3sOnVSBtCpk7Kzk92z+u4w3Pr1SubfSC7QGuZuqdmF4egOnzTHy1oL4CdfKdIa7jG0exeA0bZ0t+YWJN+qVV4lrYEjTTgAoG2gqyriCyrxnKOjKZX4yHHMQA0ldNF0cDPtfP9WeunLVFB0PfleZ+sxzh9xGChpmLuN7CG6fjXveTsiOl6AZZit1ePHoo2b9/n5TmexmGcvWr+YPmnx0nCXUfavWh9VLfXaX+WCh4+f3Iv4YnaTtd1KGoN8lSX3RZVZB2d7HWxcr/qwBNBAxR/JMUfP5/GfVAGofFKlW1kJcK0+HXpp45bZGd36GPa1sh5q2YfLQFgkqCr6adlnPzWtvBCMqfunyau3ffeVlr6JsbmVtaWpNo3pDshjkTgq+nBFxVMAFRVP90TGTprwSefOnZyd7M5fSKmoeFr7+7XKriy5LwKPq1H3J7evJReoTBeIwOumXb8RT0sdycUlQBcAqhzVhjEIoLISUGrr6Gh+vHG0tTrXHwLdNHBP8FKxcGGRABqDGnwUjgZP6bFAKAWnzR0RHU/KAbh94hT3y6lNWyPnzp7KMM3GXGVl1e69B4cOGdjUWeex2YBYXHunU1QmlgI6PF5rwcuGuimpDmpl0mFR3XYAlMymPhvLKzm3NyJRcaL/EmfdzrXx9zQAQJc+40O+d7yXkZ52I+1I+Plfhs1e+ZkSoNjHa9ni4ZwWO9F18ts66EF6xvWUq+c3L0k0+fIbX3MODZcOpeOPxesidjaNE95Mv1NcXDJp4pif40/V6vuTJxUbt+zzmjxelcN+LT2HFHibMQqlf8ulUCLf5f0IsDSoeb++vbZs319ZWdVUx7fv+uH/umu1uPOpb6HHoCwvKw+AJDsjC2D3NurZduFdtLiqTx7yGy4VpaLS5vefNHqoo+hBUcPf5aJSKYBKftYDGA511u0MAOUP/hDU1U1a/kTKcAzMh3p84bf2S9PHycl3wdXlgf/nA2lDGaUiKQBUlpc/gVp306FuswICvx2GtMQ7NH+rg/HL8dPP3u8pflgSsXF30xks9/7IX7d+5+PHrzrbSkmjBweCh/UhRGH6qcTr/LpEfv1GgqJH4HXXeNOmiEoaojGChyXg8FQBJSU03M+FqPRx1TO5uFo8lNwXNi1Elcel4Pj7KOUAnJ3sTIwNt+/6obq6ukHHP/pQ79kZLBrDJ9lzkbXV1yvA3yvgiABazhMHs55T9EdDrXgP4qOu8KVAeXHK7rXfbGx2P0d7kKWuIDn6VF45IC1J3xsWujzuAaCkptoJ9+/cKwfKH5yJulLSGaUCEaR39gYuWXM8r1QKSEV//FlcqaquBo7JsL6VV+OO3hUBlaV34yICV/5wtxIFPy8N2BB9SygFUP7wj/sVnXkc8lI6GBm3s19yy9LHol+On24unhnHIjatj9iZUAhAcC160/qITceymj0poW1mqVt07uC5B6XlooJzMTvi7pR2rk+8VFwOlPMvHUkWfWRtqvFc5/iJ4GFpeaX0uTX8I/HEnXJAWnwxMf1JDxNTNTA8Lu/Jgz/4lQDK756/WASgss7bflxcUvpECs5Aa4MnV39OKHgCVJakxcXf51pZ69PAeO8CLA3UPuG5beePX0zz2LnnQN8+Bq0/88kZtnSjvyQ0MvnXJJa2kdvy4EAL1nML7u7hP60y6uelX0VXohPP0HrOl0M1mp8c5vuL9h7YMfsnMZTUPxrk8bVbdwC6oyfZ/7l/xbwrSqr6Np6TfQ1jlh/YslQ14Nu5jjuidvjFiSvRidfDZNqXo3UBWE7+9vHBH7aFej+uVOJ1N/90zud9lIAxvp7Re6NW+Qgq0JmtZTxqvmdf8lY6GN268vILHrym7oszYvdE3qr7o+zWz5G3AGt977GGTYa0tuP8L0WbD2zwi6pQ0upj/+U0BzVAzXH+l6IdP62bHVWBzjomjj5zhj/njrrSR9bmqtuiZwfcmf/9mLZiOEA3K+vOvy4LWCOo7KxlOq32MNF1nGydt2PZd2dVORqGw+3N2EcrAUDNeKhJXMyagHv2/sumDZ0y/3FMdHhg7BMo8QxsvpxNj4y+u8jJZLK3UtCZc8mnzyY7OtjYDxtMZiXeUcLWbi3kP3w2XU+3u7/fF2SfDkZeAV9fV5uknCAIgqS8XUAvuSUIgiApJwiCIEjKCYIgCJJygiAIknKCIAiCpJwgCIIgKScIgiBIygmCIEjKCYIgCJJygiAIgqScIAiCICknCIIgKScIgiBIygmCIIj/DkV+5YCGP7SVfs+3liOjEATR4amO+oO8coIgCIKknCAIgiApJwiCIEjKCYIgSMoJgiAIknKCIIj/DK2eAOTkOs6EPZJygiDeOx2v8VwEoFOnTh2mTXJ//PEH9SxBEO8V8vLynTp1UldXZximg0i5TCajfiUIgni3T05kAoIgCJJygiAIgqScIAiCICknCIIgKScIgiBIygmCIAiScoIgCIKknCAIgqScIAiCICknCIIgSMoJgiAIknKCIAiScoIgCIKknCAIgvjPUHzVDFJpJZ9fJBKLq6qqyHyvikzWoT5c8mamkL3rplBUVOSwVXR0tJWUWh5HxY9LlsZ9fz4rpUT8iPq6HaLBVh9maBXiNk9TVaNjtOiV31f+x595ALp17cpisWhAvCoZmbeNjfqRHTqGKZ5KJCV/lSgoKujp/l+LVdP3Loy9f7pSR1HWCXUHGJ3C24kzBcgBchVQKqya2GPEnmlh76lXXioS9froI4bFoi9WvM5AAshuHcYULBZLo6vG/YL7z646c+c3aW8FmYo85OnbLu3Lea0bfgpyUh2FM3d+6zANe2Upr66uYTEsEiTScjIFABbDklZWPpsuelom47BkCjKZvBzkZA0KQrQLz1wmJ1cjA0de9LTs/ZXy+qOQIC0nUzzvcJDJQ6YgJ1OQIxlvd465TA7VdcGW91rKSYpIvcgULz4c5OVk8nKQl1GUvD365TI5uY41fU/x/T0E292hT6boUK2QyQFyMsiRV94uHXM5maxj9Yvia4xb0iJyRckUL3U+kmvYhrq9Hal4067pMNAjQgRBEO+jlMtkL7GUZMQsnTnRcbCl+WAHF89vN17my14uY+sLP+nHI2miNynhNZe8X/zdbAfa2Poezz7ypfnAUSsyZDKkrXCyNJ95vOTVC6x10J63iBPnDLa08j3e0Nhb4W7mAyduzG4ry+tXpnY5729jPvjb880TRWkRXk425oMnrstoLP+8v4354MXn35JtX2wKpCy1szQf2HSZvC//lapRW/mjJf9kn76Bx61uq7f4vM3xilEpMqfjdwctnqmmAkBXb5ds1PF9PKZ9KMSgffYpMqvJum+tRMbLIknmFOH1um6krt4u2ajEmG4MyfcbBVhedEkJAJKMDTNnxRYwurYuk/UYYeaFM1FzvxJv3x9kzn69WmYc2LD5xtjB48zY/7J5+FeOXChmj9sVH2gk4euuW1umpVvf/NcLELwwl6yNH8/P+ObRiubZM+JPZAr7LU3Y6soTZy8JG8zuxZO9bO+/5QiL1iCvSZbcuj+45urgeoWuc9Eykr3ujv6JPn0tRRvUO+LXD3vhSWZcwcVSJd2R3UZvt+A+TZ6fRLJEtI8Aizhp17ECqe6kjVHhgV/5+n+3Y2+oi5mWlC8ErgQPsxocsD9y5mi7uSfEEKZFLvAcOWLwkNGeQSfyJQAAwZXwuR52Q6wGD/PwjbwhBi6HjJh6sFias238EL9TYkjyT6yc6WE3xNbuE79Nl4XNd30jeJjV4ICDp1bNcBpiazd+wZHaQsU5R4JmuA6zHTzMwz8mUwxJUoDtwE82ZAMQHJtpYTVw5Oo0AOLT/kOsPCPz69txwnfM95lA0dEvBk49VpCyNeCbZUfyW7S1Rcn/IIIjMwZajA2O3DDzkxGDh4z2Dr8iaHkKzT+16ivXYbYDh4xwnbksPrvWoEWnVs1wHWY1cMhoz6BjdWmCCyunjh48ZIT73P1p0mdOnOFj5x4vA34PcR4dnHbvSOjCgM03mu+rlY6T5J9eOXOs3RCrwcPGzlx1uq433xyupfskD8+6ZURvNjKjlgQsis4E+EdmDLSYEh6/37e5QcRpW2d+Yjt4yNiZ4VdaThtuP32qaLOwRy9lyQXvy19Mur3my5uz+988dqUMhp1Umm7F6uKwbdDRv51SZE7Hfzf70okBoDJzUIrMPnRBz4i7I5IqRsQc61HrMWuO6RNx1z6pwinxrtnEQS2dNBXbnmG/2yfJRiX9bbdrn44BC4C8TcyIlAqLeausEisGTWzqd3fr9m2KfVKF0/GUPraajWphMNNkV96IJJlTYpF16Dw1FajNuzsq6XwPdYAZ0/+4bFRKSk9NgLHtd1TmFOHF1Jb/5cz+UX87pVTYRSxQY15cK6Abb955m8SKUSkV9rv2aekCgHy/eWYxfzsl/W0T4cdpxR/37j5aNiqlxRJp8h1J+QtcnOcu99JypNC1GW3Mqkvh2S7dsXWpq54MDMOCNOVYWq+vAr3MRIlr/LdcYVyW7d04USVluf+uHBnEp8K+i0lTcd+4a6mdJGXLsh0ZMPti2ThdQGvUir0LrNg5OwOWHy0y+Hr7rkDzgqhFa04Jmu2dYUGaEpfU66u1Sx24BRfDN18UQfLb+vmrTpdZLd21fY5u5voF4ZfRz8oARTnZAjzNvJHNVeeKb2fzIcu/nSNVNzLWqyuNbfP1WjddQMsl9IelDh+04i4/W7Lk+cZ5GQM+a+f6FAYoTkpR/2LjloW2TObBZTvTJE0rc2vz/EVHC3r5hG5fO71X0cmQbzZcl6DwyLKQowV6Prv2fm0kPL1m1dEiGcTn1y8/msnYLlwdOKLgcpq0xe4MvFZ/bcUAA2bvjfjCqKVrKwNKWuk44alVy48KzQK379oeaCZO3LDjgvjtmEL6SMAvKqxbxE+b5FUCAxTEH300bsXqL4ykmQc3xGRDhhubQqLTpAPmrF3mgRu15/rGMv+BPn09p5ylYtZfCaXCk3H1p9LHD9dYpcwPfNTk7CPfL8x88SyO8GDmArfsTDXNKQdNR3WD9GmNBCwbb84Fv9+3JdXoufWePkYeuj2+O6g/4GnxkpE3T5Rq+B3sPaDpizW66SyOM7RV+3uPR9qaSImut2lomBoDSFADZfURluV7/PJvFDcJqoQZjbWUv73h5rLtCv3s6gpinIxWb++ulX9/udut6JusERvMvx3z5PeblSxDNQMWDOw4KqUSsaGaEQvq/TlaEN1Iqqorf6Roj0fm6eLOlsEGDt1eWCt5mw2mHnbyF2dd+e5gpZG30ZcTFdG7h1+Yplbxww0e2TcMNXo9a8/IByem3lreNCXqwUnvW8tIyp+v5c+PHIrFYoCryW0rrqjlMPvrUY5mXTITr5QxAyZNGdTbbMIkc6Yg6XS2TMlq/q6fDoV9YdbPcYSRCh4V8Z+ytHroMYCKbq9emuzs00kF0LX93NXIwHHK2F5lVxJbhtAB3VE+4wYYj5hgpwtpfpFQduN00iMYuXnZGhiPm2Cr/iglMZNn1E8XBTfyn+akZcJsootuUVqGSJCdU8T0MzdoKEpFz0CXDTDqPXrrqtRLSNNIbyslv4Uwcov7EQ1aJAOgYuUxwVzXwNXDRguP0i7nN6lM5vHEYhhMnONhY2418WsPAxRdTMyQcW2//fFQ1AqPfsYjhvYC8rP5kOWkpJXBYKyPywBzly+9jFpGrVlcA10VBoyKtoGBNtMkrF03AEQ3Wuk4mRSAsCAtWwiDeT+eO75yhMrbMUVO9LQx48bULp8uS2msRm3FGPMps+yMBkwaN4BBUT7/KbJT0oqgNWL6JKt+drMnW6m0aN0/0aev55UzykCxRPicqxcWx8FNhVX8cLdf4cWf89dsEEJNfcTIOnf7XmR23CnBse1CMZS0DFkqI7X6KVff3p598cLDPdsfSfQ0Rlg2HtwqI7Ut1ZC54W507MOTC7MvFkPPTcuABTwFILkYnBm74+E9SeN+Le1YKH64P/jh1ag7sUnVtVJh6d1NC2Wn/bLP/FwUvfBBPliWHh/kJIkkmpxeep2M+ncqOvjgNjhmloq9LFWQL8osri2/4kJY7sVTRcd+fQLlTgZ6eGGtMoPTZvS/uiHq0cWDpUIoaemxVCw1DJRxb/uduFMPo4P5+a2aq6mav286jn/mESEVtgogLBIC3NYvmbW4gAxSkVAK6dUQZ7sQAFIpmGI+wNzYE7rrSk5RmRQAGEkLJ078SAw8Ougz5GhtHsiKHsnQPITOVlcBZGCrM4BULJGIxVIgc9un1tvq8hQVCXQte6kcys78PSPzUa/RDpbs2PgbtzPE99Brej92Kw2Utfq71ZLbavVLBmMZMIC0aaulTXeqwuayZADYXBVAWFbWpDJCYRnQS10dkAEqbHUGBUKhRMJc2RwWnVbwqNagKpDKIG2yJVeFy7RVMVlrDW+j47ijv56XFrLn+OqFRwEVXYev14a66L1pqFwGQHfUgtk2dSZlaRoBGc16geFyWTKAYbMYAFLIxGVigMtlywCw1LnsNgft2+rT10NSJS4FNFlcFtCooU1+AwCLqwYUSx5JAKCsuFIMBXVNFooBVJcVSwDgaY0UYCDPVVNiQcFsu33SBgAKLFRr6QEX6g85TRYL1cLaLJJKYTGgx+LW7U1SkF/TQhXYykBp7X5rhMW1r0CVV9dUAkTFtc57ccUjQE9NsexKaRF69LNUR/+q2xseFPTXs7Hkig2VxFcEtyUYAACVxcUAaspKawB5VhPvsa1aSS17+AV3M9BTqr0cEKpB5akiC9V1NcmvKGurQyIfnABgp272vun46972fAEGlsYqRy9cPJ4x/WtjFgAILy6atqZoROi2OfVyVadKDJgB83/41oqpPyzFZ74JO5Nj9s2hQ2O5KUvsv73Ysmy2OhtgjwtbO0W3NhOLrfWiS1muigqgPWHb8rH1iqDCZUmtjJgLKccu5GsaGWv1YveTRp08IZVqWQ3QfoWL5NZKfkPjsbhcFaDgdo5ktDkLQFFmTjGYQXpatRr2SFgkhjEb4qIygK2iApQ1yyh8JATYgFD4SAoVLrf4aNj3F4QOy38OdcSJWc4rcgBARaVxS6GwSPqKVWyt4wBWr7ErfhwrERZkpsSuD4tbv2uUywrLtzCa2AZWdjav0ClsFTZQViQGAHFRkRDQejX7v/0+bRXR7zclHh4aozyYi1FSAFDttvimSb8rd+YvbHJ6LgbUWOosQAJ1TRYb1beLW3fjhaWVElTfW3h1za+1TnSNuIlAC4slEnC4eiygAiwWV7PugkCl9bpVSZ827FdRS7NWJGoeFVcCLE094CGg2UUdEJZWSbOEt4s/NPPuDmXR7qSKopGSySN7SA2r723/+4XjqvVaodv0Dd2NivO+Urt729Lk6K/dAZSVVkmgwNVkARWMXpfndUjkgxO1gk63PV/CK3/BZTHbdsbkfsz9g/O8AlZtjdy8Zu60JaeLGF0zA0bW9IqWZWYzQEV6+/TxAqEwMyZ04aKo2xKJVCoFpGXC/IubD94ApMKc24KnAAMUXUm6nCPoYWOpi4KUkxl8Yf6FbYu+2ZAoaOViV9Y0HiDrN8JKHTlXj2cIhTnH1n+zZMvlMpmM289MV3rj0g0YmRlApZ+RVsGZCwWMkaVuq1fPjT+a/m695Bdci7/Iev1Gj+iBorhFs5aEb94aMmv2lkyo2461qQsGSNOitsVfvhi560wRNM1sezWtzOgRmrgXuz7y4uWk2PUx96DlMLofxFJAKhHzM0/tjMthIC0qyBYZWBqp4N6xzUeuXD7y/cEcAMDTNs3Y8Lv+V2sdJ8sM/9Ru5NzoNL6EUddiM2CrqLyxKeos3jKxIb15wK+uwj0szdRRlLQnMulK/Pofam/q/rN9+noBlpqLwX/eKFWy3T54V0y/eREmW272H62HR0mljSFriejMr2USTa2vNvSwmdjTz+8DlJac+LX1zwSU/Vp0+6mCgZuWriarn59RaOSHRspN1/KvlMJoltHkid1GbTCw0azOiSu63eYVg+jKFQk0u80I03GY13einUJtha9EPiyCyuiw3qPG6Hy5QVsPT65ElkglpTduVmvZcbWyRLcf19xLEsFOw0y5PPPKiz2E1mulLM9SBiDP7t9t+kINFYCrp8a9Lbz3FAZ+vSdO1PkyTFOd5qu8FSl/iRufvT7/fs+isUbIPHFo6/6TOSqDpqzZvMRKpcVdPa7LojVT+gmPLpw+fe1F9POYMpTNtZ8ysZ9K5rYvv41lTQmZbaZecHDNwXuali6D1KW/7w7dk1bWb/aaRaPVM1d/5fNtVD7X5fPRes+5a1jnM1rNXzXfVnZhmc/0xSeFvdymjNAEZHpG/dQBxmiAEWTQ7mukAjD9LI2Ytm9DvmzJb7YwRrPXr5k4iFt0MXb/D6fzVcwmhmz7bmh91EfdaoTKidVLtt5QMZuyaLZRs8oYzV6/bKxuwf4lfov3FOi5Ldswy4jVY+wMZwNcjZi3/LTerOUeHzGZ2yJOiB3nfzPaoOxKxJKIlL7jbFUASPBCM8qe13Ho5zV/Qq+i2G+ne0//NlZsNnf57H5vbIq2bo6ijTvEAGRgDfhiyYR++H3r4jWnuc4jdAGJRPKP9+nrkJ2/wC792JUaLbfuHn5aBig9MSt1wY7ypnJ/e2Ha8u2lbI/Aens8AAAgAElEQVQ+qw8aGJUWb3W7deZhG6UV3F/mkXdbs/viXz/2G4nb2/MuNt3yYeEat6wLpZzpB82/9WDd235rSXDp804zC++cuAkDPyM/D8nFuCeAApQhPXXnu1n8Ar0e38UZjdV7cmJW2ppTNUDV7aRyAEU3S4qAsiulBQCKRTeyXsICrdbq8cP9G/4W6umGHjTgRqZv+FWi4tZ3+ocPNgSXPNLU/nL7h1q/8m8/JeV+hlf+9ETKtTSjfvTxhNfk9p07/fr2fb28wqNzRq0uGLsnfqHR+26KdsWdO3cHWQxokfjBnAGi4coyJUBeDnL04H57kjzIQQbUyOQqwTn39O/Nv7+vsXIZ6F36r43sDazXNODwnpuifTWEhjXxjsbKCYIgiHfbK5fRa97ezIN7beupj9uUMg4d5oX5HWYg0eFAkFdOEARB/BdeOUCx8jdz4sh6HcsU1KHEuyrlBEG8EvQlIeKf5pUDLAoK8hKJhAxHEAAkEgmLaeVFfRxlFbmyatR+c4zc9vZ1GVX7r5xcWTVHWeX9lXI1VdWSkhJSc4KQSCQlJSUcTity4NB3iHJ+tUJ5DWoanm2lpZ0sMtTIFMpkyvnVDn2HdJwrv1d9REgqrSy4/6D0saiyqooO5le3N11odxyUFBXVVDl6PXSUlJRarCp+XLI07vvzWSkl4kdkqHaIBlt9mKFViNs8TVWN91TKCYIgiHc+wEIQBNHeEIvLBAIBSTlBEMQ7rONPnz5VVlZ+n9WcpJwgiHdexzU0eCoqKu+zmr+PsXK6PUAQHUbHJZKnGhoazZW9gsfjta53HXfewXsh5S3aSFJOEB1FxyVdu2o8ky6uqGhdzVtIeUdS9g4u5bWta2gjiThBdCQd79ata6trRSJxRcWTF/rmtT86hqB3WClvKuIymayFppOsE8Q7reOVlZWamt2es41IJCorK2tQ86Z63aDgTaX8XRf0jinlTRVcJpOVlz8pLS2trKyqqakmD50g3mnKy5906qTct2+fF25ZVFSUn1/wwQcftPDE5eUVlJQU1dTUunTpLFfPu67mHVbKGxCLy4TCRxoaPBWVLgoKCnQkEMR7TnV1dVlZeUmJgMtVZ7NV5Jrw7jZKMe1ux9Tx2v9qZDJhyWOTPt1UVbvQCCYIAoCCgoKqKqeySuHxY0GXLl3km0zJfnfVXLGXXseTcshkqKmR1dTUyGQyBtLuWp1p+BIE0RQ11U73/pRqadXU1MjJy8u/67Hyjva+clkzIJPJqqoq5eglVgRBtNA+RfmSR5Uymaw2ztwQan5H5aJjPu1Z3zGympoaWQ3d3iQIohUkUllNTU2DB/hOt6UDP7gvJ5PJampkNFOFIIjWfT40SMQ7f+HeAaW8wSVvCLLQkCUIolUpbykXJOXtVtBrSMoJgmhVJWpkHSO60gGlvMXznBRdIQjiJXy+VgSEpLxd6HgH6BuCIEgx3lOvvPmZluYgEgTxQuRoBgtBEARBUk4QBEGQlBMEQRAk5QRBECTlBEEQBEk5QRAEQVJOEMS/jyS6f0H4rzWNCfml89UeXn2domoexAlC+9+fqlnwmeb9OSNLLmXVPC896a+p/QV5TbJfcstfsL3yPe8PRRqSbVGSHr97z+GzqTl8sZRhc3UMzd0+95lir88CgIxVjt7RfMb5+5Rw+3ZT48IDHk7ht2C+4vLOsZyWK0VxcywXp6D3nONHpvZ8fjlZm0aPj8yD0cJTUVN06hMFh73sVqWCO+HHxGBBYP95idLWMxtNHi2MPlHU+kp97yPxVrG2Mw8JmyQyKtr6xvaTfWe79a6rdeHlXVsjE1Kzc/llUobh8XqZDPf8er5TT1abVS4rKz9+8kxefkF+wQMAerrd9fV0Rzvbs9kqNJLbO1ml4bOk1r/qLOmvAFRlLixe5V2qf0W9e1vpZDGS8ldQxTj/SYuTBLVSw1aBWJiXmhiRmnR2+s6o+cas9llplpbpECsOq3f9Z8az17t67tdfeXWj01uuMIero60lAQCpWCAUSwE2V5vNAACLp6oDbe3a7aQCvlAKMFwtXm0NeNyGmjBsLR67dqMifnZK9OKMdHHkwcn6EJz39wxIEAJsPRMLY5YoPz0789wPQal50uM7XDVaq86N3zO279rPYjEDzUyHWluqf6BWyC8+fuL0ufOXfGZMHmhuSuP5XyVfvNG7NLNYVvlUTn8W139h5y6ouhFWEh1ZVQ58YKnqu53TXbnp9lV/6SkP6l/7sUZFo2DNiGK5rs9JJ0jKX1rIDweFJgkA3hD/dSvcP+axIOFfig4O2JB2a0/wFucjXxu2y2rzhgXuGNbE2Yk/mQfo/wM7sgg4kRhQ66vHejqF3IL2mPAzC40b1n81t/YS/NQcq6BzUhX7FcfDrRtWXq/97+MFMTvd2AAg4Z9c5B3wq/DW7phrk4P0z8acFQLa7pGHgz7mAEBJQqD7N4mC3w4nFLo2XiXU81tK6tbtka6jR3zq7trw7da+fXoNtxvy05H4iI07v5rlPcTKggb1v0VNZtjfhW6aO/0YlFYc8SvPLO1s9Ksg/KBi4BUtI7XKSx5F4dtZEX5NvAvLLoOKBWEesnGzugywVP5AWbGr3nPTidagWHkr5CYcSZUCXMelaz0/rvUnWdpDZ4Sv/NzObfoka7aklTyC6/sX+Yy2teprZN7fdpJPWPxdUe0Kydm5Vn2NzD2is9NjA8fZWvU3sx09c9MlQWPOa7sDvVwdB5lZDXL08o++Lno21BPr09fIfNCiy7U7vhbq2NfIvK+Z/8nav3P3jTMy7+u66W7hAQ8j875GPsdESA9z6Ts+hg9IzwUNMLL1T24sTZJ+2N/dsb+ZlY2r//50cTu4mNAeNdmOB0CYnyeAWCyWAmBr8epjRBrOQTG/nLqSFvWsjj9+LNq154dPXBw9JrgpKCjEnzg9xy9ojl9Q9I+Hq6qqPCa4feLiuGvPD6WPRTSq/zVJ6aIm/9ev4qs3K6VqndwjeYPUajLjJN29VY3UACgN9VYujav4q2kOtS5zr3Qdp1d1zu/hTLUCn5El525WPy8dkGaVLdYs+Kxu+d+mX+k9SyTlrSBOT80HwLZwtW4WcWbbLwxfOX/8xzrPhCtE54M8Z4b9nCbgmDuPcTRk5Sf/EDxp1oFcAGAxDAOAfyjY/5DUxN6uJ6ss77fIgNBTIgCQXAub6b0hMVWi5zzZ3YKdk7Da1yc6r0XxGqbG+oA4K7sQAPLS04UAIM24dgsARNlpuQDbxLxpBJxn4e5sogIA2lYTJoy3165fIU0Jmbspi8XlQSrISwqbu+mapB2YvEncXUdfjw0ge6fP1JX7Ey7fLZQAbJ2ePE5rQaKEU+c5bPan7q4Azp1PPngo7u+/H//99+NfE8/v3PMDgE/dXTls9q+nztGwfut0Vm7pj0MZAPSDu/qOrI735n+u+WDVhopy1JSX1uSFFU/Vuz9V7/7UWRXSp9XlLbJqdhoe1m35Td1DxZrT7aqiRwqulj4vndHr4n9TZ3PdojXNjt62RFLemoMtEEgB8HS4Lxlivrtncxwf0PeOPLw5fMWqgweCrNmQ3tqx5WyjzysQ9Vq6Lzx4yarIBVYMIE69nA5AkLjlUD6gNWHtpuD5AZt3BFkz0lu7Iy+1kFdDc1MukJeWJQIEmal50B7pYsEIb6XnAchLzZGCMbVuFsHXsZ86e7g2AMbQNXCJ76gGmc/L11ly5MSBmBP7JukDEF4+m9dWszLDnMz7GtUvdqtS/yF7S/jHopMEAPSNTXhg2fsuHaPHQMpPPRL2ja+70+D+jl5zIk7dbc2xvvH7LZuhlvLy8gB+OZ4IYOvGVVs3rgJwK+MuAHl5eZuhlmk3MmhYv20UPlCT/ZVf3Xg6zqoqVVPoCkCZMfPruvym7g9JHGwXHLwi30VTXj9Ya19+j335Pfbl6/54hds07Pf3TfHVencbaqxBCzkDlCtz8ttMBwBluQ80FRuWLsrUHSTlbwF+amo+AP3hjn3qbu7ZOZsAKEv9Lb/Rpbd2GsoBAI5hbx0AEqFYAmRdzpICjJ4pT1wiEJRItPR1AGFmckt5NbY2ZCDNuZYHSdbldKmKqfN4Ux3kpmaKwE/PEgK9rE3YL1VZbbsp9jwALNPBpmwAYrHgv7HatdWTHBxdHBxdbKxcF50TAlznryb1AQDtUSuOnD68buHnjta9tRhAys88tyfIffzKS8+oeVHxXzramrW/N4SH/hi1RVWVU3ux3VNft67F2poP//qLhunbRnGAt/JfYcJfb1ZJUfP3TfH2hRVq3mx9VJ7z4G//tQoAo8d0V0Ml5I3cWH8dFOc9BVDzILJkY2QzV6Xypnijh+BcVq1qV+VFijPB9DNsM51ovT/IBM/A0+ExyJYKCvkS9H4Jx1wsEAMAm9cgpmwOmwGkIlGjTLJZ9WsZlboyJZCIxRIA0pRFTk5Nzw2CQqDZkGWbWvfCb5lZt/hZhRlixtjaohfPhLv73PV0kUp6FqBtbKoDFL5E49haDfVgmOdv2upkxLcXUxEX8cV1BtE2GTjxK/8vrHmNMSXDYVMWDpsCQMS/9HN4yOokPj9+d4LP0Im8poUoKSpKJM1mRQYuXnn/f4U6Olo+Mz5vHOUKNM7fPh94aCx5KtzuUbg3vwaazAA/jSV+LACD/JSvzuJPnQVATsdD3d8SXcDzvVISbnhfCjCGnSdHNjuqunp3DSwVRrs92F4sA+S6WnYaF8c1UwbaSidIyl+OOt0U/3Y8WTTMvjFcLj451329wHzKfP8pzSZE1Gl4naIDgFgklALg8XjP3xOLzWYBUsZ8xlpviybDm/eM66FjYqyNzLzUpGuCIui7m3JYPItezM+ZyQnsLCnYJoPfOWfFenlS3QyW5ufF3NTr6VlFnCGe9rVBIY720MmBs88lLUqVCvhCoJlJeRrcgvsPmqasWh7U8qKJX8zT4NKw/idiLPreXVd7t0ztYqkeeFO9hc6YhWmZhbWpQkZ+3Vb7vXS6Xdd9N5uFFobG6Q2lAAuNx2fRcfYczgbESSHz9l0rlACARHApwj/knJB/K6OQaSFA2hYWegDykhPv1jmwSQlZALim1r1esCfDwYYMIBVDZ/BQ68FDrXtxxGIp2Bx2K1uasiFOPxB9CzzTgT0Bjol5T+Sf/SEp75lAeXPnV/pOzd4QnA0LWLQ6PGjZgYbguKQw5WwuAEZHv6Uimw8wvnzlellZ4120z7xmf+Y1u+HPmpqaC5dSzPob06gmyCt/D0MsTkuXX8775nhe6mZvp80MW4UlKRNLAaiY+K362rSlbPaZPMc5ISAhO3Kme761IVOYmpQqBnuIz9fWLwrP8Oxmu2l5H8rZPdOr0L43K+/yydQimMyJOWDcct4dy9jahEn4rUgAZviQXgDQ09iEi0N5RUAvC4tWAuVsHpsBpKmbfAOuj5oY5PZumF5/4kL3uJlH8lLD3e12aOtocyDMzRNKAUbffYZzy6scpxF2CafO7f/hp69mebda3OGjx8XispFOw2hQE+SVv49o2IccPbxyxkhzfS4jFZeJwdW3cJm/PSZqRmv+L29Y+IFN80caMfzLcT8nZaHX8OnrYjaO13mJYM7HSyJ3+NmZsPLPHjpyMgumYwKjtk/t02rYx0IPAGA8tO5c0vtjUwYAtM0/bm1PGsN9plhwGQizfsvMlUjfFctzLIJiDgRPHm6kz4YgLycrT8zRNhr+eXDMjwEfP2N6NTXVL6Z//ltK6tYdkeVPKgD8GLXlx6gtAKqrqw8d/uXn+FNfTP9cTZVDQ5ro2MiJnnSc2fWyeqqrq2tqaqqra6qrq/Lz8oZY0qPbHZnraek79/ygqKg40MykV68PAfz5Z37ajVtPJRKf6Z/Tg/tEW8QcSx9tr6+goKigIC8vL6+goCBXDwVYCOLfZqC5ae9eH55IOJuXX3Dl2g0A+nr/N9jKgl6nRbw/kJQTHQE2W8Vjwhiywz/O06e4fx//+x/u34edHfT1ySQk5QRBtFf+/ht8PoqKkJtbt9T+mZ+PmhoAGDcO3t5kJ5JygiDaGcXFWLAAV6+ioABPnz5vS3NzREdDjt580o6gGSwEQQAANDWxbRu+/BIczgs2O3YMnTuTwUjKCYJol3TujHnzkJ2NoCAot/aMvLIy4uLwf/9HpiIpJwiifVNcjDt3WomxyMlh924MGkQWIiknCKIdU1SEWbNgbIy4uFbWBgbis8/ISCTlBEG0V8RiLFkCAwPs2IGqKgCQl4dFk/fGublh2TKyE0k5QRDtkspK7NyJXr2wbBnK619M5uCA69cbpxv27YuoKMiTXJCUEwTRDomPR9++mDkTxcV1Kf36IT4ep09jwAA8fAgAPB7i418wrYUgKScI4j8gJQXW1vjkE/zxR13K//0fduxAejpcXOpSHj6EkhIOH0bPnmSwdo5i3bfyOgQyGWQyQIbqGshqUF2DmmoUFmEI9TNBNHD3LpYuxU8/Naaoq+PbbzFvXssJiA8fYssW2Np2VEsoKVZ1HCk379PRpFwmQ3U1ampQXY3qarDpgVaCqKWwEKGh2LMH1fWfP2YYzJqFkBCoqbWy/eTJGDeuA9ujk2Jpx5FyGt4E0fEpK8O6dVizBhUVdSny8nB3x5o10NNrM1eH1vEOBsXKWyE3wr3/zPhm31E769/fcV36G5QpyopfNXeSg5VVXyPz/rbuXosOXKv7hnPGKkfHoFQAEKWfOpklecuNERz2Mptz7LU/Cld4wMPM/+QbVCr3bHz6q+xdFDenv+fhEgCC68fO5gEAste72vonP7+e59fPneRgazvIynaQrbvXogPpIkB03t/KMShZ8kyLJu3KlZyca9XXas4xQZPAQ4S7Q+j1/9xQkgT//u4HCt/WAJBKsXMnPvwQISGNOu7ggBuxq0pLg0r0njN0Yqdajdud1zTpWqjjoIDzAAqjvfoamTcs/a1cxs3ddKnOmJeDbG2DkklISMo7HJL0Td5TN+WZ+Ow8lXQnM+3igcBRkiM+U1dekwAw/vrwkaUWAJB+KDwuS9qxmp4dt+HwNcErZOA4r7q43VUDEKXGRCTkv1ymvP3fBCdr+8YkXriacuHqkWBr/g7f0PMizuCJzszZQ5ebnkpyE+KzTN1H9QQAHjs/Iux8yVtpqI77zqRge9a/Z6gXI5Php5/Qpw9mzsRff9UlWljg3DmcPg3T3m9YPGPifzoz7U5m2p3MtJunwiciPuCb+BI62knK3xHyTi7yGu3o4uDo6ODuvytdDACSvJOhPqMdXRwcXcbNbPBNGr2buA0HRM4rN80Y1pPDAsDRGThxXeTpff4fswBkrB/vHpKKu9E+ixKE1yImjQtr7hhKso8t8nKwdXFwdBk9deXJXEmd6zp10/657jae++422zjv2CIvB1vHQVYuXqGnGjw7wbmVXq4uNla2owPic+uSLq+fOcnB0cXB0d0r7Hzhc7PXiWDsHBvXlZdErVepJNan/9TDdUeyKN7LzCdWwD8213d/Xs7uWe5BCeKGKl4KcKz39fj7Pc37zz0lqvP4XEaHZYsSAm1mxZekrpsUmiQ4t2r01PoG5h3293SxsbK1cV96tqXLWpSexzKxH6xRq6Q84y++j4lZOJgD1scTnHipR8429khG7CG+9QSn2i/oGU72tb4VHpEsbru7rwc7Ogan1v2RHupiE3odgCh13xx3FwdHFxtb9zpDFR7xsQs+KwEKD3hY+e+KXTlnpo+Hq8vouYdrDS5K3+fj6mjj6D5u7r7YsEmDFl1uspdnDMXiJ0fMGe3oOMjKxSc6o/ZL4Xdjl3q4ujg4uji4B+5PF7e8JrAKPFu7XfLSQUbuh/edwcCBmDABuXUd/qhz59VGpiO69Ql6rCdpdDIOzHF3sbGydfBcd/ZNTiSc3m5jzJGbkUcKQVL+bvjXyTtDbhmvjD9+JjExZr5e+s/XS4C7WwNCsozXHT5+JjFmqf7lgEXNfRNJ2qV0trXzwOYeG1uD1yyhz+SVsw2Zj+fHHF04sJlDH+EfJnDdmXj8TOKRdUOyQ745kAuwWCykXy6cHHnxQLMPgd7dGhAhGB91IfHqqVWm6Sv9Y/kAIM04m+e4Kf74xVPBhqnrdidLAP7+uYFndfyPJh4/E7/OPjvYPzqvzewAgJKzgb572Au3Bw3ltF6l1tAeu9bfmtGbsf3ISueGD0mzTO2NC1MzRQBEackSo555l9MBIC85HRb29a6iRcC6CXrs4YEn9tU2UJqaLJ2x7/jFlJjZnKRV0dnNd2TsNpyJW+QTHH3qWq5AAoCjrVNrXkP3ifppsQn8+u47nCCxmzi8vjLswfMXGCeHbrr2aoERflxEpHRy5JnE4xcT142SJJ7NarKSxUB8PRnem3fsPHg42CJr0+5kCZCx5ZtIyeeRFxOPxHyFkz/nv8BQWSl3TYJPJCZe3Dg4N2LHSREkyStnbhCO/f7ImcTjMfOZ/XNXXmp6raFj/jEv41oWAOQfubyt9Mr4aSNw40btyhp1zs89DFbH3FuQcfP09vGiiID1dbFCcfJvmH3g+MWUmNns+JCIy68fHxJkxB5Kg6m5IWkESfk7AYvN5QnSjiVczxVJNKx9Ny8ZpoHshHN8i8k+fTgA2KaTXfVTT6U2PczEYjG4Oty6v0QJ/jZWtoOsbAdZOfoniF+0w/yTvwkt3Fx7sgCw+ji76uclpdZ6TzzzURbsFhfpCef4JhMcdQBwjL/ed3ynmzYAMHpjJw/kAOD0NtWRCgRSFCadzNKb8tVADgCWvtsY46yElMK2sgPi1E0zV4unbF81Sue5VXpJB87CyjDrcroEktTLhYaeE7VzUrMAQVq6wHioSZu5TNzc+7AAaJv05okFwuYr2UNXxMTMt0LqgZDPXAdYuTS5FaHtPME879CRu7XKdSiJ7Tx+aJNzqIa9/0LDpJCIjFdRMYbNRm5C/NksvoSlP3FF+JTmAsZieo+y1wYAlnZPXq3BM1IFvd2ctQGwDD2nWDAvCtfYTbTnAWCZmPeEUCDAtYQUDPee2JMFQMPa056TlnCraYbe1hZ4kHQdMz17fX/WrLDu1FWjpPDLyNnlOyYvNfH1/kQbAHQcJ1qLkxPqzoWmY1xrrTrKbaAo9XLuqxwL0lubRptZ9Tez6m9m3tcx8KyOT+RyJ3qO6L+CZrC0Brvlkdb4wXrTgMiNh7dEb/JZnSPVt5sxP2iKhVAgkCaHutqE1W/M0hOIgYZBzeayWcJCIdATADjDg49YSABxwjeeyS/WD6FYxOY0+O88NgdlhYK6YnnPbCwQsTmc+o05bA4AMQA2U9cgpm6dWCiW5qx3d9zSUGVOb0Gr2QFIr69fdFnCctTmvahKLwnP3FonJjlLwvktR986yKLwwMlUvoiXkmfqaNFmrJlhsevXsQA8azh2H+epwc5TAYhyL8dtWOkzVRgT79sH0HD2tI5YGZvuE6yTFJuq7fajcYvajFrgG+e5cotbpPNLN2Ds2p2sPZH7v4nxF7A/HuOzcL5T80domGcNLgG7/nlJFk+bzXr+SZzhNgwfBgAkYrFYkBpk0zDDWyoxEYuB+nP5o0fmd4X9fxqCamnt9yBq5OT/mjb+56Ky8vDN5qle0sLDM23jG/JiuBBgA2wej13vo6iwJGLxSzWfVR8r9z1xwFMHQO4Bj8/irSeM70NCTlLeruDxuODnFzZR49ysfOhY1fqoGhbjgy3GA+K7sYEzA9YZXvDk8VTs/eLD27rnxTK2N5FExF3+2mIwBwCLrcFiAyw28zJ14fI44lyBpO74EQhF4OrwgLzGI6qtjSUCfiG4rT+lx9ZiM+Yz4jePbXbsZZ9tNTujPXFHuOlun0WLTx3Z6KTRVpVYTQRWLHnuSUrf2gQhty6z0rkfT2f31DYW7ElLZWfrDwnkAK8z10aQcTYdJvbGGrXnoJ6Dp/i5x41PyxKhDwdgDZ7iDN9DaVNMDqcbeq541iI6rgtnHPYOPWDYirPMAtBwHpdIpHVW5/QeNX/VqPmQFF5eNTcwJM44yvr50qzCgkQkqh1SEoFALHm1G6QsHputPSb8zELjZ3xjKbZtQ3CwQmmpQkOig+15tU7pk8akr87/2hDsPB5b3y7yyNTmTc8AxCJxfXeLyyQcveZXeWwelxHkFUmgX19ZQV6emGfCbVmHnu6BY474rD48at94HZIPCrC0HzjD3e1Fh0MiLheKAIkg9+y6kENi+8/tNIDCWH+P0No5D2ydntpsQILezsN5qYficyUAUJK8yb/lpAjeqPkztc8F+oSduiuQAJAUZpyM8I9I1dbXZ1rohqilY9Tbfoh26qH4QgCQ3D0Un2doZ81rq+K1Gx/JlQCS7P1zJwUlCNu4fh88yjAj9lC2BADE6dFLg+Ly2s6ubaivbb8keHheeEAsv60qcdhcliAnTwIAuecSsxp9SqngmVk5fezNBXGRyTC20AEMzQ2zDu+6xbV/pmEScdlLKbske/9i/5DojJLaE4go7+Se47n65qb1JyrTCe685MiQQ0UWn9tptFZAz8nBkyWR6xOEz9RURYctLswVAIDoclxq7V3u66s85+zPkgBg6ej14TW5aGszYGJsws5IOCcAIMk6Epv6bIbWDdWAqbOV9NyBkwIAkBSeWhWw71ppDX76Cb17w88PpXWPuvzBVduwJgGnk/Sd1JL3nCq0sDMEOBaOFoLj++sqnxe7KHB/3ZxXaWpcbT8KziZkcEzMm2s9y3qiE3Nu06qEPJEEEhH/0u7gLVnGUyY8O/WFZfrVHOvcTSFxz7s6K0k/dSyVT/JCUv5vavmwlfuCTLM2eTlZ9bVy995aZLpkx0p7HgAdZ+9Rgp2TbB1tbB3HhfLtV/gOBfp8tW6+TqKvq4uDreOkCL6p88AWesEy9Iz6Mehj/gFfV7u+RuaDPINjC62WHj4QaNrUN+NZjDTmR7jbzG1219R0/rqF2vFeti4Oju4BWeYr13o+x/Exnb9yofYpH0fbQXb+Zw2DVg5YuBEAACAASURBVE7QbmND7Slrg01Tg0bbujjYTgpJ1XOz1n9Bds7AwLWu4g2Bu7IkrVaJZe39tWFa0Hgvr5n++xmrj1l1VySjrCWxno5e0c2nNphYmfIzBYZWfQCwjD/WybyFgRbNG9ZzuF3PWytHOC699MIwlM74Tdt9OOeC3e2s+lvZDnINiJW4bNrRxAnt6TqxZ0aqwG6KNbutC4UpK8az+M+e+fTd5rtL9swcN9XHJzTb0FoPAFgDp0zWPvuNq42to42tzzGe79I27dwwAgbOXuEq2upp4+jutRv29tqsZy7dWjdUo6wG7JiO/Z4uDo6OI2Yd6MZWsrAzw4QJyM+vP4/3fjhzyBjNT7SmjgTQ09RYcCvH0NqYBYDntHSdiyBsko2ji41rwEm2o71h7f617K3Fqzwnjbb1XC92XDF/cItasSyCotYOFkT7uliZD7DzDkvVnr8vfKJO64fM1/N7p0eEn60990rL4mY1mXXueaAQ4P+8KSQ6Q0Ly8s8gJ5PJOkxjZPVUV1fX1NRUV9dUV1f9+WfegAGm1NNE++FaqGMQws8sMX6dzKmpWLAA5883pmhoYNEizJ4NRYqXvhonEs4OHWKhoKCooCAvLy+voKAgVw955QRBPIsgdqrtuNp5MoLzcckSwyF6r1xGQQGmTMGgQY063qULFizAn39i3jzS8fcc6n6C+BfguX0XkL440MZWCrBN3VatsGe/Qm6hEGvXYsMGNNxOVlLC1KkIDUW3bmRcgqScIP4lWD1dVx5wfeVsT55g0yasWoXHj+tS5OQwfjxWrsRHH5FVCZJygmjf1NTghx+wcCGKihoTBw/GmjUYQm/gJ0jKCaL9c+YMvv4aGRmNKX36ICQEn35KtiFIygmi3XP1Kr79FhcvNqZ0747vvsP06VBQIPMQJOUE0b7JzsZ33+HwYTTMD1ZRgb8/FixAp05kHoKknCDaNwIBli3D1q2oqv/UJMPA2xvLlqFrVzIPQVJOEO2b8nJs3oyVKyGqf0NB7QSVsDD6yD1BUk4Q7Z7KSuzbh6VLUVzcmOjggNWrYWZG5iFIygmi3RMfD39/3LvXmNKvH8LC4OJCtiFeD3pwnyD+RVJSMHQoPvmkUcf/7/+wYwfS00nHCfLK3z4lgr+Fj0QSiZRMQbwVlHP/7LZ1o1piQkNKtarqX1O/KPnMS8Zi4U5uR214dVXFv7AXdfUPuutoKb7HL6IhKW9dx0XiJ900VJUYJbIG8YbI8flMWJhSVBSqq+uSGKZy+nTp4sVsVVV2h267TCa7dy/XqF/ff3QvUmllcXHx/f8V9tTXJSknGhE+Eml2+0BZmSX/br7ukmgvlJUpRETIr1uHinrPVF6+ZuzYmrAw6OoyHb31MqC6urr2xz+KEqOk0VXjjz/z3uexRlLeChKJVFmZpaSoKC9P9xKI13QUERkpt2QJ/vqrMdHBQbZ2rZyp6Xvy1KZMJqt73Omf/yaCMku5uuGih6ScaEBeTk5eXp5ccuI1BAyHD2PhQuQ2CX9bWGD1agwb9r6NJzk5OUD2b2j5ew9J+XOGIEG8ImfOYMEC3LjRmKKri9BQTJ6M93VEkZCTlBPEu8Pt21i4EMePN6ZwufjmG/j5gcV6vy9T/i0tf7/PGCTlBPFm/O9/WL4ce/Y0TlDp3Bm+vggMhKoqmYeU/F+S8pKS0o4zaJp/prmmpqa6uvrvv8VvcRclsT4uqZOurhv2zJqMVVPj7fcFfdwsUXJpkW/W9J1f/EOv0xDEz5maNOrH8FGcpqn8/Z6+ufMPBFs8zxlMD3XxlQRdXDG4Malwn1eEXlTTpmVtGjdXsjQx4CW+cn092DZcZ1/MF//2i0NeqrEvRxtNyN3nMTUyTyxlu+1s+WHlR4+wZg2+/x5Pn9YfT4qYNg3BwdDSel5/Id7HLjhZCgAMW8vU2XflEiedV6ztKtegOIFYou1z9MjUni8YhwDydrl7ps5I2un8GoaS3I1bGRKRmCVmeBbjl67wHcp7pbHxCly4cHHjpq1ycvCd85WtrQ2dCF9ByjU01DqqlFdX11RXVz1+/K/M3BXl5xW2IjRZeeJ/bJeS9K2RgjHrmus4RGc3xbK9I18kbYbTw3dAu1lxWTl5Ur13q8dfsrFvRM+pBy9Mzd09yYffJFEqxbZtCA5GaRNPyMEB69fD2PjF/SUCYL7i8s6xHEgEl1dNDQyJM9/pxnuVag0MjE8MTF/pEPoy4xCAttvayFG81zGUJDXcd3XRxO2JUYbi5FDfgEV6x/+/vfOOa+p6//gngQzAhBVAhRawKHECKlNEFNBKtWLpV3FW66yj+q1tFVt3tdhqtVW/dbbWrXW17jrbuhAHKApOqIIKhJUAmeT8/kiYsvSnVvB5v/J6Ec49Oft+7nOec+69q3rbPYWxzFidLeZvv/1u6feLweF8PPG/QV06k11ODpYXiSZ1w8cDNiQ81EiCZ62aEyIB0nd+MHBxXDYS/I8AAo+pW1ZHSICb30WO3nCzAIO6rAUEnWYfXdRVgIvTuywTjXRP2HH2oRzSkYuXDXEXAJBfW/PZgu0pGgCOgRMWzOxaaqNd+KL7sJRhR7cMrGy1pe/6Lq7N+J2uFUNvrv1fasj8rw1nWtbpRZ/O/SNdYCvt01v82z7X77eOagacXhD6xRGFogA9l8WWWOXyQ9G9vvhDhrO+/rPBdxn58y8lxqniwpIJcw7dSlc3iVi0PNpbVNF6vTi7+2LHlUZLNv3Egg8mnUqRi9qNXLDYUK+qUVxYOztmx02ZWiOS9p41f6KPBADSDy2YvuRUCsCX+I//anrfZoKsvRPGnGjqKruU7Bo5VHBqw2lFyLfrP/EQVFlZpB+Z/vHi0wpR03YDwrH6eOCWXyIkpXnJAYn3mAUzezcT4PinkdsFbdRXE0V9BjjG7Tr+sO2szdM7i+tWBb0eu7YpR35oJleXWbwtOrquWYwgrwtrZ8dMqZBXbf0FgSQg3FswPfkRIIH85va5CzZczVZDJB0yfcGQtmIAspOzP1t84p4GAlvvcQsWR7hW265Vj0MkLBkwccdDtVrjMb/EKr/3c9SXt6SS1NPpHUZFZB/ccQ39lv0yxLWqAqgvbD+CnotHeYgAUcjMBQtOQIDqxsazeFgGDBpy+9Ydw/fmLdzeatYMgNhS1LGjvyHQrbnbti0bSXjqask2AAweFZ1Op1arlUplQUFhfn7+5cvxT5tO/NVbGo1Gr9c/eShz2ygPv1G/JKkYyzowMSz8u2Tjgbs/9Q2bH1s5etyssKjVdyuGBPmFTD+RyRhL2zzUb+gvaYwxlrZhaPicOBVjjKUf+Hr+7rRyhfk6KmTi75mVU5Yfm/LO0G3plYu3Z3zIlBP5xv+SF/QK++RYFmOquxtG+XhVKEnahqGdp5+pVDWfiScqJJf0Q7hX2Pg991SMpW0b5TNgc5qxCqVJlVawXL3ubu7vN2pbWrXNm3/sk87v/RCfzxjL+mv6O52nnFAxxtI29w8a9ctdFWMsbc/4zu/9dJex/D3jPd776a7qxCd+YdF/y++uiSpr8MqVVf01PSx8Tlw+Y/nxP/T38hu1R84Yyz82rXOv+X/lM8bSd08M67vmHmPs2JSgkDlxqvhvQ/zGH8jP2j06LPrvWqpwd01UyJyr7OhR5uHBStSJAczd/WrPlqN351eXV9X9lf/7KK9Ru/MZY0yVdiI6LOyTY3LGVLFz3uk88XAmYyz/THTYO7MuqBhjsdPDQqafyWdMFf9tuN8nx1TlR+r8kPd+qjC+qh6HjDHVgYl+ow6qyqJ5jdqWJd892i/8u2RV/PyQAZvTqi5A+i8D/IbukVdO74mxUeX5qNFoLly8UlikruHTsnX7lq3bX72W9OShq4nJhqM1p2D4nL9w+WnP9P0Hj+Xn5xcUFCqVSrVardPpDBP6+qh+dAvM09MuMkIqACTenVxk6dlP/3vbwH5d7QA4Boe4pl5IVgPgiwSKhD8OJjyUo2n4tOl9y1ngHtO2Hvvhifls8voVN4M/iWhacSZ8ccU6xdBxXY0eF9m1ZFnb8EAJIGjWJ/IZnRAi//4RrgLA0buto+yhrC71ahYc7nrz72R1tfP1QxebRkR6iAFIOs/ftX9+VwEgjzuVLO0d0UwAwLFn73YPz8XJAEDg6tJMIBGJmkhdRRKJrVqhqLqySI27yvfu2VEMiD0i+0pLlgQOnZX0GdBZDKBp3yH+shPnDO6HZu3cBSJbscTFVSwRi9RyhbrmKghScxatH4mwMCQkGC1SsQRLlyIxMdPNjnE4NeRVTX9dmhPs79m+g9fA9RixeFaICLh1/DR6juhhB0AcMKSnKO74LQA+8/84MD9ADAg8OkghS5c9p2EsaSGViMQivqO0qUDURKzOllddALVaAZGAX+vYqMHrUfPHQP+oQR29/St9+vcfWMdEaMsjOVieGoGIX847rX4GdXQ0zkRFIpFGo9AAAruIBYsUq9d+OWyOTOTTZ8KsaV1rXAST7VlypOm49R4V1fnejmVx3hOjS5fA5AoFv5HIEEdsK3mm+8QFAlFJZRvVVtkq6lWlf0qu0AhEpZNxgVgAADKZQiCyNeYlsBXzFYaXMQgEAgAC49+yIlSuLDRytUBsTNVWYnQ7K2QKzb11Y4KMs3O1WiwxKCFfwAfA5wtqr8I//2DGDMdNfziWSoWFxV2p5fdTLv4woPzaZtV5OVbbXx1mnVodfnPBO18gIqKtGAAUCkX28Y+7HyodWoEKAPKEnTFLdyXLASjS1bbPa5mRLzDKMx98APxqC2ArEEGhVjzZm3UdGwxlr7irhrgLZ2s46u0TUGsKBEn5y0chM1qWCoWCzxcZTiiJz5DpPkOmq9Mvrvhsypy9HVdHiKpfhlq9VhG5rGfFVTL5yRUbRSO3dBSUv+ZoNAo1IADU2TINHJ9XDQTllv/UVddLJKru0sEXi/gKhQIQAYBadk8maOYokkhEakW2HBADUGfLNSKxuIblzicqC75YoC5xX5eWRCSRiKTj1m8bUmH6crxuXdOYFWDafCxdCnVJJXk8DB+OuV+mzu+Xb8YzSrbx8ZlV51Vtfxka0nv0eNfImI0Ddo90BWxFkqYR3+6KlpaPcm3FZ6vl49bvjmgK9ckpwetf5MissgCQSkVr41LVEYY105sb5p71mDz8qa4orA4RfHwCyodcqCjuJOS1Qg6W56VuAr7ioWHyKy9bEBMIBNnJDxUASufwQPbpQ9fkANLPHk9x7ywVAOqEJROmH5IBEDi6SCWi8sZiQkxk0Jid5XYlPNy+5KzHuPcrbZlLWrc6pdvE8PJy4eguFV06HqcA1Pf27ruqrr0GatmjdABQy2uKbOsoyk5+qAYgP33qQtkOnQr18ikzQVM2DO8etfZmmXyFdJTt3ZIgB6D4e+6wYf+7pgbE3t09kvftvacGkL5331XX4MDqN3RUUVm4eLgr4g5dUwPq5H17kkvcU906PDTmpb63d8H0vTU/camkCndOCs+oZgxriYULjTrOwZ+tu+PGDaxaBYc3RBLb9ORHACA7dbCWvKrur1I3R9//vq9et3iPDIBLuLf6+MazWQDw8HjMrA0JakChUIiaSZsCSD/0R4Jao1Y/wzisI1UWAD79eotOLFsRJwNkF2Jmr00RScTP/wS6cOFs+Q+ANWvWka6QlL90HIOHdnoU093f07/7gKWXSs6htv0Ht034rLunf5d3xu5MLhUdwc6Jkb2CBm4VjZsS4QhAIO3TAxuHhXbvFdp9zAbRxE96lpnkaoVCpih7bLr8+LINgmHjAyva7LJ9Sw41HTmu0o6LtuOn+id/0Suo9+gVmoASZbz2XWR3X/8u7y1JlB2K9vXvEjR8i+FZIeLAgf3V699p7+/bZeCcEzV4ZF0jxvmnzB0YNXzCnDgXn5L9FBq08JbsHN27V9DAraLJU8rtrNPIZNmycumJe0Yv6pk6/f3uQV0iYxQDl00NEABwfH/BNJfjkyJDu/cafbjptG8HVjuHqLqygpBxn7qemRLUPXL0RkmIt3FOIA6Zsqhn6vT3e4V2iZx4iB8S6FpDH2rQwsf2101entmtR/a7f4EnzzeEXxWJRzdv8RFf5TtkhOGy6jN4jPRM9HvDR49eku3hLVKr1dXlVXV/VTB6h33S6daKJWflEHhMXjxKvWxAl16hXUav0QQESgVAhyHjmhz8ODJq+IQ1iBzfTbFx0qK/1YqDn3b39e/iO3bfw5urB/h38e0SfVBezTi8t+WDLl18/bvPOa25MLe7r3/3d2KuVXcdqKoAgHTi6pnuCV9EeraPnJ4SMP/b959qemd4plYNH0McH58AH5+A1avXGQI3bty8Zo3xe2zs2VoTeYoNjw0UDmtATqgq95XfvZvi5fV0DsaEa7dbSV1MTU1fwJNY/q1bac5O77JKuuWXoY6vw6hWHxzT/WDEH8uf9naYY8fwySe4Vk7pWrbEnDn4z3/IVnm281Gn012OT2zVqmUN0Xx9O8XGnikfsmnTlmXLVjwZs1K0SiTeuOHv/XSvRT1w6HjnTt4mJqYmJlwul2tiYsIpgaxy4hUiIWZAVMw1NSA/feSCwN2jQeu4/PisdwwzDNmpg8lNPdyfRsdjY9GlC8LCynTcyQmrVuHaNdLxl4Ovbydf304Gp4pSqaQGeVpo2bMh4zFkWLPPosO6aCB2iZi5wKNBV1YcOGzooenDuqwHRO1Gzu5fx3nPzZuYMQM7d5btkWjUCFOmYOpUmJnREHoOtnntG1jAGM6fP1P6feTIEUqlcvPmraWBpYdqyYmknHhZdJz959aXl5tjjwVberwuTStw7b9oa/+6x5fJMG8e/vc/6HTGED4fw4Zh3jzY29NIfcn4+XUq/X7+/JmJEyeUP1RJ0wmScoIACguxfDkWLIBh7zoADgfvv4+YGDRrRs3zvK3y2pckGdi586fL/wtgwsTxpT+sy6Im3SJEEK8NWi1+/hmzZuHx47LA0FAsXIj27al5/hWaN3fz9wusMUJzaiWScoIoYd8+TJmC27fLQlq3RkwMevWitnmBVjmrxcf9y4b1dUmEqBnawUK8Bpw7h86d8e67ZTr+xhtYtQoJCaTjBFnlDRaBgK9Wa0xNqXHqP0lJmDULv/5aFmJjg88/x6RJEAqpeRoMapXKxOS1NkxJrarA1kacJcvnmpiYCQXUGvWV9HTOvHkV3tPG52PsWDZ7NqysaNL+EjDcr/cSMtJotJlZWTbWVq9za5OUV4GdxBrg3H+QUfKkJKI+wS0qsv9lnd1Pazjqkve0cbl5oT0effK5pqkj0mRIk1ErvUxuJCW9+HPWxvVNJ5Jy4smRYWUnsaJ2qGcYNqjMmIHMzLLA0FAsWmTl4UHdSZCUE8SrPpnHzp2Ijsbdu2WB3t5YuBBdu1LzEA1/MkpNQNR7jh1Dx47o169Mx52d8csviI0lHSfIKieIV57r1zFnToUNKra2+OwzTJ4MAS1ZEyTlBPGK8+ABvvqqwgYVc3NMnIjoaFhaUvMQJOUE8WqTk4NvvsH330NVtkEFgwZh4UI0aULNQ5CUE8SrjUaDH3/E7NnIyysLDA3Fd9+hbVtqHoKknCBebfR67NqFqVORUu7lnL6++OYbBAVR8xAE7WAhXnmOHUOHDujXr0zH3d2xYwfOnSMdJwiyyolXnrg4TJ2KkyfLQuzs8MUXGD8e9IQcgiApJ+oB0dFYuLDsSSkiET7/HP/9LywsqG0IgqScqCcsW2bUcR4PY8Zg5kzY2VGrEESVkK+ceFX5+GMIhYiKwo0bWLaMdJwgarLKs7LyGkxlWAnFxcV6vV6v1xcXF+fmKqib6yULFmDBAmoGgqiTlNvZNZwHxlWS8uJifXGxLj9fRN1MEETDhhwsBEEQJOX1Do0Ga9eiVy84OkIoRKNGaNECgwZh927odC+7MDodOBy4udUS7fFjcDjo2PGFlCExERwOGjeu+ui0aeBw8OmnZSFWVuBwyj4iETw98eWXyM+v4ueGyKmpDX9cnTiByEg4OoLPh40NWrXCwIFYuxYKxVNHq6HRtm0Dh4PQUFIuohKv2Q6WhAS89x7u3QMAR0e0bw/GcP8+tmzBli1o0QJ//w17++efb0EBRCK4uyM5uYG0ZKdOEArBGB48wNWrSEjAtm04d+41XZycOxezZgFAkybw8wOPhzt3sHUrtm6FVIrAwKeLRhAk5TVx6xaCgiCX4513EBODNm3KDiUnY+VKrFyJnJwXIuXVYWKCZcuMr5qsX2zaBBcX4/dz5xAejrt3sWABlix57c6hy5cxezZMTPDTTxg8GNySme7t29iwAWLx00UjCHKw1MLQoZDLMWAA9u2roOMApFIsXYrLl2Fr+1KLxOFgwgQMHly/G9bfH1OmAMDhw6/jObRnDxjDwIEYOrRMoAE0b45589Cu3dNFIwiS8pr46y/ExsLcHCtWgMOpOk6rVhX8A4cOYeRItGoFS0uYm6NNG8yciYKCCj8p9WLrdPjqKzRvDoEAb76Jzz+HWm2Ms3QpRCIAuHmzzMVscHfW0VdenTHo4AChELt2GUMePsSkSWjeHEIhrK3RoweOHXtJzdu+PYAKb9R8NgyO+yp1bdUqcDgYM+Y59055DhxAp06wsICtLSIicOMGYmLA4WD58prKLJMBwBtv1FK1OkYjCJLymjh4EADCw2FtXdefjBqFrVthZoZu3dCpEx4+xLx5CA4ue0x2KXo9+vbF/PmwtUVAAGQyfPstPvjAeNTPD9HRAGBri1mzjJ+hQ/9f1Tl5EsHBKCrCgQOIjASAixfh4YEffkBxMXr0QOvWOHkS3btj5cqX0bxFRQCeg2+qTRt06oRr13D+fOVDa9YAwOjRz7l3SjEshp8/D39/hIcjKQm+vnVa23B2BoDduyuvcD5bNIJ4NlgDwnBPkE6nU6vVSqWyoKAwPz//8uV4xhjr0YMB7OuvnyK53btZUVHZv3I569uXAezbb8sCHz1iAANY27bs7l1jYFISE4sZwJKSjCEKBQOYu3vlLLRaBrC33qqlJIZcOnQoK5hAwCQSFhdnDCksZG+8wQC2fDnT642BFy8yiYTx+ezevZoSv3aNAczBoeqjU6cygE2ZUhZiackAlpJSIdqoUQxgkydX/nmVkWtm40YGsA8/rBB4+TIDWPv2L6R3GGMPHjBzc8bns5MnS+9NYOPHG3++bFlNBX7wgIlExjacOJFt316W1zNEq7nRtm5lAAsJYcTzYP/BY/n5+QUFhUqlUq1W63Q6wy0p9bEur42Ud+zIALZ2beXfREWxkJCyz6pVNWWQkcEAFhBQhVjExlaIOWECA9jKlc9fytesYSYm7I03KijRjz8ygH3wQeUfLl/OADZz5ouScr2e3b/PvvqKmZiwNm1YVtZzkHKVikkkzMKC5eeXBX70UYX2fL69wxj76qsqrh8KBbO2rl3KGWOnT7PmzY15GT6OjuzTTys3SB2jGRqthg9JOUn5E7wWO1juP8horNHygZwcecGDjPKHHE/9afL4Uem/8rda5JWLwC0oEJw7Y5qawi0sNDzaSczns5s300rimGRlOQJ6G5u0Js4o98NGjZ1sgPzk2/kPMgBwCgvfALQ63aOKuUOnexPQ6YofVgqviCEXjUZbNO0Lq4ULtG+5ZW7eUWxhXZqj5Ld95kBWUDdlxXR4Lds1AZSnz2RVnz7vcXYToLhYn15VHCt5oRiQK4pKm8VJz7gAXF3LR1P7+GZu2s6UxaiYiCHyw0cynYlZ3fvLKrKfeNX/clasLBj8AQCOUum4aTPHwiI9KFT/AnoHgP2xE0IgMzhUVbH8tl26WuzdnZurUNTYQXjTDX+cEp49LfzrT0H8ZX5CPCc9HYsWFW/clLFjt8612VNFMzSapnUb8PmV/aG5uaapKSqVJrPm8hDkYGngDpaYmGp/PGtWZfNz+XJmYVGFTSQUVrb7vLyq9hJMnfo8rXJTUwYwS0uWkVE5gpdXTUacr29NiScmMoDZ21d99PPPGcA+/bSyzdipEwsJYUFBzNHRmMuT3pVns8oZY7dvMw6nzJ3y888MYCNHVp5wPK/eYYx5eDCAXb9eOea0aXWyyitRVMS2bGGNGzOAde361NHIwUJWOVnl1eLpiSNHcPFiXeMfOYIJE9C0KX7+GQEBsLMzmkhiMTSaJxaPX8rq8VtvwdISFy5g6lSsW1chU70eAD76qOqFx6ZNa0rW3BwACgurPmrYE/LkI8JL95UzhtWr8dFHWLoUPXuie/fnUFM3N4SG4uhRXLqEDh0qL3i+mr1THjMzDBgAW1v06IFTp5CfD0vLZ49GEHXgtZHy8HAsXIiDB5GbW6dNLFu2AMCKFYiIKAvMyoJCAYHg36lCo0b44w+EhWH9enA4WLeubFelkxMSEhAcjH79njrZxo1hYoLCQjx6VMUb6+/cMaZfHYYNgpcuYc0afP45wsKq3ev5VIwdi6NHsXo1Jk3C2bPw9IS39wvsnSZNkJCA+/fRqlWF8AcPnr0KAQHGS112dk0aXcdoBFEjr81mxKAg+PqiqAgTJpS9mKYGsrIA4M03KwTu2PGMuRtsxv//M14sLXH0KLy98fPPGDWqrCIGW3jDhmc0IQ0quXt35UMyGf76y9h6NTNvHszNkZCAffueT3+9+y6aNsXWrcbbR8ub5M+9dwDjTfM7d1YILCzEoUO1/7a6br1+HQBMTIxTpTpGIwiS8low3B69ZQvefReJiRUOpaVV3sj81lsAsHZtmVxeuYKZM59dyiUSpKU9hz3FpWq+bh3GjDEW78MP4eSEAwcQHV1hY3VxMf74o3a30qRJADBjhlG4S3V80CCoVAgPR4sWtaTg4ICJEwE8tyeMm5pixAgoFFi7FhYWGDToBfYOgA8+gJkZNm0qawG9HtHRyMmp/bczZmDECFy4UFmgR4wAgLffRqNGTxGNIJ6N12XZ00B8PHN1Na6POTmxgADm68ucnRmHwwDWvDk7c8YY8+ZN46pa69ZspI56LAAAEyFJREFU0CAWGspMTNjw4czWlgkE1e74rmFh7cMPGcCaNWODBrERI9jixc++r5wxlptr3F45ZoxxI/nly8YFNDs7FhrKBg5kYWHM1pYBbOPG2ttu3Dhjs0ilrEcP5u/PBALjvw8f1mklMzvbuF/72LHKkT09ma9v5c/ChbUU6f59ZmJSxR7BF9E7hl2eADMxYWFhbMgQ5u7OGjViQ4cyoJYtqlOmGJvO1pYFBrLQUCaVGkeUqytLTX26aLTsScuetK+8dilnjKnVbPVqFh7OmjRhfD6zsGBubmzAALZzJ9NoKsS8cYP16cMcHJi5OWvXjv3wA9Prn10s8vLY6NHM0dEoT4az8ZmlvLyajx1rVPOsLPbFF6xdO2ZhwczMWLNmrFcvtnYty8urU/P9/jvr3Zs5ODBTUyYWM29v9vXXTKF4ik0pc+ZUvRmjys+YMbUXqWVLBrDz56s49Hx7x8C+fczfn5mZMWtr9u677Pp1NnEiA9jOnTUVUi5nu3axESNYq1bMwoKZmDBraxYQwBYurNB6dYxGUk5S/kxwWF0cx/VthlH+LUJ376Z4eXnQ9Kv+cf062rSBhwfi4/+t8QRvb1y6hLt30awZdUjD48Ch4507eZuYmJqYcLlcromJCacE8pUTxHNi3jwAmDDhJWV3/36FlYziYsydi0uXEBBAOk68+phSExCvFnFxWLUKSUk4exbu7lU89+oFsWMHZs6Ery/eeAMKBeLjkZoKa+uX9DwygiApJxoUd+9i3To0aoTu3bF8OXi8l5Rvt264cgVnzyIuDjodmjbF6NGIji57wwZBkJQTRF2JikJU1L+Qb/v22LyZmp+op5CvnCAIgqScIAiCICkniBeAdl9wSl9h2q7k/39Sqo2eKX2FDw8/plYlXl3IV068BNS7/B5uijX+w7M0sfcU+I61fC9KaFF/65Qn/7Jx9vVKrwh1F8UkSzD5/rTvi12WOC6ZzL85+f6074tLj/MsTRyDLaKWWvu6kBVFkJQT9RKOXQ+hqxUKH2tTzhft/lP59ym7hSstrOtpbYSm7hFCfskDbzTJ6us3Ga+xqTWQ+0Rccw9hGykHKpaXrL71mzwmWT8v3q6NkIYEQVJO1D9MfGMaj/AEgML4nK/fzr++KntjlNnHwVxAl7g0e+NKVUqqHo15baKsPpzdyElY9INLxkmh6LtkiSt0JyLSlv3GrMY4/LzSHKrCxS6Zp10sl83WftKzyGqS3djGipVL1XkqkzazJVMmmz1h7FeZPoDilPXZ62KUt1L1aMzzGmszdpq5NQBoYydnrVuvyROaek0TVX2xEZoP2WZu/P5Y8bWfCpaCISvF9lVJuf0w2+jJfABQqdb5PdqfUHTivL5NMBnmxHODBhPxL2DhaTN2Mg8ojl2vBPQ3pz2e+9+iNCuz/kstu0n1VxZmzRhbWAiBlycHqZqbjwGVOvE841ly8uJVaQBSVSkZsPMzcxJyeEDe3tztyYKo2eaO0F2Zlr278n3+1aUPzamcucMLbwmFQ9bbdHMpvhCdtXJvMYDMlVmLv1fnNRb2jmlkfTj/RC0Od/W+YTkX/uH6rLTrLa3thBLyXF0AsMI8GgUEWeVE/cfJk28ObdFjXa6qaPdKrdZSOHavfbfGwDB+oUvW6W3y2KUWbd7m4TftrWT921aqW3mmgZN5sUvVt/JgHa/JBNf3bQGgAKC1Mh+73sYVevt41YxV2pvxOniWy6n69AOloiknLXguAncXEw2UJ/5U3jqlQYRp7Da1FtyuK+2HBHPxNjdNmn1dVV09im9Oy9p4RG83yeHjqFrvZtLnns8/cgoQ8Fp4khVFkFVONARKnuOWqk7PB1z4ro0NdqughRRQa1OSYe8nsIM+JV6beV6dKeT7jjVzhSYxvjjllFYr4LUuUUOeVOAIAFwrFy4ArariE+KqT58vZCnr85YFp/WzSh08TKkFoGKALj0VEJi6GkzsxgJ3l2rrUHg4e/FCLXwto2PMa1jCTf1vel9OSl/OPx/659/K5ziOtX7bhQYA8Vyt8qyshjPTq/RkRMMzb3NzFdTNryAppzRFgJULzxq6qiSeAwBSM3cHRewpVaJQAz/rFi4Cd6k+9rDSMb4Y0kZtGgMlrg/+U19COID+8uTMn35hjpNs540VWJzK/uSjira3quIlpwqFzl88rDDLQThxm41rjWuY5r7CNi5cvhA8oalrRKMebwv4NAKI5yvldnZWDVXKDQ+5zc8XUTe/ahTG56xcqQNMfYcJ4aJ3dUB6qiYlD65WQJ4mMRmwNHWVAkKBlydOxxfsA7MfK7QGr7Und98p+YVkWA0TOtUxMxdBNelrU+L1gKnvMJG7FCnrdVpAAwCmji7AP7pbyXq4cPFYfbNKX7lKtTEq90qGSeAhu261mdj2USXLngTxgqScmoB4WRTHTnucaQXtY+3N87oiNcdxks0QPy5g/t5kXmy0al1EVm4UL2uv/EIG7CZZBloBMG0RzMMRTSq4Xf14ANc9mI9fVLfA8Qmu8+uYhdWlb3LahYMEXezKfEdP9b7DsALyzhf+HW/tFcHn/amJnZy5cTI/d1tBirDUQi8jbalsdyyDAzd3vezr9WUnVLelEivqaoKknGi4sKwjyiwAAq6dp1m3yVZRxluEuK7TGs8UZq9bWrh9MkNjns/XtiOmmRuMWCc/gRW0eZYCL08uAAs/vr1AlQ6+l59JnfOtNv3AGOsrqXmx63O3+VkM2euAaY+X7S3cvq3R8hi7sclZG9cr98XofKfZvK3K2h3PtBUTzXusB4AM7fXt5Y4IeC1mg6ScePnQW4QIgnhNobcIEQRBECTlBEEQBEk5QRAEQVJOEARBUk4QBEGQlBMEQRAk5QRBEARJOUEQBEk5QRAEQVJOEARBkJRXT8mtt4w6mCCI2mD19Gb9BivlVXaGqakJDVWCIJ7ExMSkjjJCUv5vqrnhSmtqytNqtTRqCYIoj1arNTU1rWSP11/bvMH6ykt6iGNlJb5z555araGxSxCEAbVafefOPZGoUYlUcOp7jRrg88oNHcOY8YuFhQVjuHPntlqt1el0jOkBNKRH+xLE/xf57b274k39Q3tIrat91bT20dFNf+nau+VeyPMbGtJMADw+t/a3nA4D3vESGyIU5ustLAXae3/sOITA0d2deQDU9/Zv+LPI5/1+HqJHf/+6O89zRO/mQgDQqtR6oUBgTPrPvbtzPUdENC97rV7u1S07Utz79elgDQCZ5/ZsT5T0HtXZ8d6fPx3VBX8Y4s4DoE09tntfhlv/QR145/Zsuf/WwP7trGGM/+v9FoP7t7Z8YsrO4XBNTU0FAp61tY1OX2bz1XdBb8CvnmAcDofL5TDGtbAwFwqFjBne92l8pjmdvwQBAMiPW3+z2LPPwIAmpUpqKmxkVlnUnbv7JW669ABe4YEtnHkAnM06X9x65bqiU2Qbu+LsaweO7s/z/miEh/QN+5N3NXwH5zeRGXcglyMRm/Btmjo35SRZWXAav+nsbAbg8cnvt6Y1j3w3rLklVJnpejNb57eaOTuX5emgcLS4X6CzcnY2z719+kyhpY2ZucjB2c2mvfTsn6mPzToHWutunz6usDC3tHNydm5iHnB29eUbuQF9PW3xOOFMOk/arVM7Z8snjTwul8PlcjkcrokJNye3gMst3SJRvw1zTgMTtdK3T5Sotr64uLi4WM+YXq9ner2+NAqdwQQBAKrEtV8fTq0QZCKNmjC45RMG+qO/lqxMfHPwqMjmJYdybx/Y+/eVtBwVBLYuHu9EBLUQAYp7v207fDlNzbNs4tXzbZ+CY2sPP7IOHhhesGudLGDakDZmAKB9GHf4979TH+WriwXmjZv7vNu745sVXnWtfRh3YPvRlOxiga2bT/9e9nHrd11WufWf3LtJ8qHNh5Mfq0xt3fzfcbmz+WLTMRODmgK5SSd+O3Y9RaZGI7vmfl37dH5TVNV8HeBwuVwul8PhcB+kZ7zl6sThcEv0vR7b5pyGJ2rlpFxf+sXwlTGm1zNysBDEM1B04/clBy0Gfxri/C8XRKsFz3Axyflz/ZLk1v8d421TF7HjcACUKDaXy+XcT8to5uJo+KdUysnB8opdozgcLper1zMu13A11uv1HMYYl0smOUE8vY5n3th3ONWh6/C3/t3dvdq7Oxbtfti234gezia5N45eynHwcbOvc5FK3eIGM9zgaSnxsdRzxWuQusbKodfrGasUZqgyh85PgqgLqftWrIhVvdmh1wd93cX/+kXl3tnt++JuPiosFlq+2Sq4f9/W9rw6qQJKFzdLPC3/3H/YzNWpYiBJ+Ssm5ZXFmxmWNcpMcrLNCeL1oVSmDSJu2BaRev+RwcFSsrmFdrC8et3GGCvtnlJL3LBDkaScIF5bKUcFNwu3Yeg4Grav/Ml/Sb4JgihvoTeM+4PQoPeVk6ATBFGLIDQMHW/4Ul5l/xEEQVLewDCl7iQIgqjv0KsnCIIgSMoJgiCIfxvTrKw8agWCIIj6LeV2dlbUCgRBvIYU/FPUYOpCDhaCIAiScoIgCIKknCAIgiApJwiCICknCIIgSMoJgiAIknKCIAiCpJwgCIKknCAIgiApJwiCIP5NTKkJCOJ1R/vo9K/7j15Ly1EJbZzdwiJ6BbqYUauQVU4QRD1CeWPrpl3/WPUcM3n+jME9bdK2/3T4hpaahaxygiDqEwVyU6fg/0T4ufAAa79eHU99HX87E60cSyPknly6/JTzyDl9mxj+z9i/LCbJ88vPOotzkn7/9dSlVJkSQoeWgf3/4+9qBkCbdmb/9uPJabkqiCQtg3oNDnU1B1J+XfKj0q+n8vzv6S7j5vZ1SDq6ae/F25kqCK2c2gb2/4+3E69iueS3f9t6OPaOTKET2jhL3x3at4MNAMiTjv7868VUBcRugf3bpK05bjVlZk8nIPvaoe37E2/nqGBq1dwntH/flrZklRME8dpg5zdwQB83o45qc/KUsHKwKR/BuoO3k/zaxRTjv1lXk/KcfNrY4tHBVXtv2ARPmTtjyczBgcrTP265JgeQfurnnakOfcd+s+TLOR9Kc47s/P2O1mA3apPi09tEzYnu5aK9vWtDPIJGfrNkzjef9XJJP7b9bG6lucKlX3eeUXqOm/vlsm9G9hTd2bQlTg5AmbRtw3ll+6g5Cz79OCDv0JFUHc8UADL+XrMh0TRk8PxvZ3wzOdD0ys41x7LIwUIQxOvpa0n5fU+iWZfgDhVd5eK2ns0VybEGRc5IvpTp5OtljTsXY+UufSJa2vIAsyaBPdqYJcffVgKOwVPmjO3f1poHntjFs4O9Kj1dZUhHJ3YJ7tREbMbjQaXVwUws5AE8m+aRn0VP6WJdsShmHYZOnj2+s5MZDzy7Dj5OyEzLAJCaeEfnEhbiKubxbNu+3dPNGDsjLj7D3q+PTxNzgOfgFe5jlXElOZscLARBvHbkJG1atzfFMWJSrzcquToglvpKD++6kBrp1jznWmKOm187MYqSZQpV6prPZ5WLJ0mTo4OZKvWv/Ycup2UodQC0Kp0TdEa5EUnEhm88aXivi//bsHS6vVNztza+AZ6tHCrnqc1M3r3n9O3MAqUW0Ol0pm20QJGiQCuS2BivNDyntySm6QC0GTkFsJGUziVs7K1wRpYDvD4+FpJygiCgTT+3ZtVpbdDgKaFvmFdx3KxdgNv2DfG3tZL0xDyXIKkYKIKpqchz3Ny+zStGzT6zc80Z03cnTOjqaAZkHf125dXSYzzTEsXhOXUZPsfr0e1riZcTz69fdLrl0JHD24rKFShl+6r9KW3f/3hMS1setNd+/WJLlaplWq2Q8V6vHiQHC0GQPX5lzarzpr2GjataxwGA59axHS819uzFSxkugS3NAJjbW5kpZWk5peKryFYC0KbffYyWHQMdzQBA+TglR1fltaNIqeSJm7TqFDZ4zNiPfHD1zzsV3uiTk5amlPgFtbTlAUDGP4+VhmKYNeIp8nKMG2y0af/IdADAs7VphBxZaVlyMvMgamxDUk4QxGtD7ukthzOkb/eRCpVyhVyukMsVRU9uRuS5dvIyTdp/PqelZ0uDf8Olo6/N46N7rmRoAWXWpa1rF66KywbPRiTUpd9JUwLKR6d/jc8xgzynoHJ66ccWz12/KylXC2iVstQMlZlNowpmtLiRGHm37+QC2uykQwfvwExXIFeC5+zmgtRTfz4qglaedOzoHeN1wsHb0yHz/G8XsoqAovS4gxcKXAKkr9UOFg5jjMYyQby+KK98P33vnQpBpm0/nDa67RMeivSj8xbFu46ePLhlyaGcpF1bjsX+I1NCaO/WMXJAWCsxIL+97ae9sf+oeNZOvn0jAuX7v9+bZttj5HuKTT9kBs8f42VuMKjP7N1+/E5arkonbORYtpGxzGxPO7Pz5/13MnVCe2ng8P80Pr1iU6xSOnzGfxyv7VmzNzFdaWovDY50S15z1mlKdFjJZsT425kqiBq3DHo7KtRVXFvVU/556OrclKScIIjXiKJrv361p9GomT1d/+WCaLXgGS4m2cd+/CrR88vJ/s9mgDckKf8/LpoclP35v9AAAAAASUVORK5CYII=\" data-filename=\"ssh.png\" style=\"width: 494px;\"><br><br>Test banget</p>',	'',	1,	'publish',	'2019-01-16 12:55:18',	'2019-01-16 13:11:52'),
(10,	'Tokai Ngambang',	'<p><img src=\"data:image/png;base64,iVBORw0KGgoAAAANSUhEUgAAA+kAAAHsCAIAAAAhDXuyAAAAA3NCSVQICAjb4U/gAAAAEHRFWHRTb2Z0d2FyZQBTaHV0dGVyY4LQCQAAIABJREFUeNrs3WdgFNXi9/GZ7T2VKkFAeu9BQu/VAtg7gghWFNvVay8oXq8dEVFBqiCC9N6bdKR3ISSQvpvtbZ4X+39yY+okbEgC38+r5OzZKWfK/nb2zBkxOTlduIYkSXI4HIW9qlartVqtcH25AVcZKMUhUPGPlLAvofwJlkVNTnTX/R7L2YaMURFODhzLYafgUAcAAAAqBRVNAAAAgEqBn7zI7gAAACCUVw70mQEAAADI7gAAAADI7gAAAADZHQAAAADZHQAAAEBpMc4MUBRuewcA8JmCioPr7gAAAADZHQAAAADZHQAAACC7AwAAAKiIirlXlZsqgOsDxzLYHwDgOsB1dwAAAIDsDgAAAIDsDgAAAJDdAQAAAJDdAQAAAJDdAQAAALI7AAAAALI7AAAAAHlUNAEAoPLiOVMAbihcdwcAAAAqB667A6hkuM4KALhhcd0dAAAAqBy47l4USZLCMpEiplP0q6gI+8D1sfnKcUVkzlr+EpbXuoR9vmWxymFv7etmByvHPRacsSvXaeSaEUWRnZbsHv4DTJKkYDB4ldMJBAKFvapQiH6/ktauyLvB9bH5ynFFZM5a/hKW17qEfb5lscphb+3rZgcrxz0WnLEr12nkGlAoFKHgTnyXuZVz9xQluxcV3AMBf1xcdVoDAAAgjC5evKxUqojvpfnmQxMUEd+9Xh/tAAAAEF5er49+ZWT3MAsGg4GAn3YAAAAIr0DAf5V9ksnuKADfCAEAAIhYZHcAAAAAZHcAAACA7A4AAACA7A4AAACA7A4AAACQ3QEAAACQ3QEAAACQ3QEAAACyOwAAAACyOwAAAEB2BwAAAEB2BwAAAEB2BwAAAMjuAAAAAMjuAAAAAMjuAAAAANkdAAAAANkdAAAAANkdAAAAILsDAAAAILsDAAAAILsDAAAAZHcAAAAAZHcAAACA7A4AAACA7A4AAACA7A4AAACQ3QEAAACQ3QEAAACUnKrCLpkkSQ6Ho7BX1Wq1Vqtl+wEAAODGwXV3AAAAoHJQVfYV4PI8AAAAbhBcdwcAAADI7gAAAADI7gAAAADZHQAAAEBFpKIJAAAAgLAo62FUuO4OAAAAVA5kdwAAAIDsDgAAAIDsDgAAAJDdAQAAAJDdAQAAAJDdAeBG5vP5vV4/7QAA1zfGdweAyi0YDGZnO10uryAIGo3KbDao1ZzbAYDsDgCoYOx2l93uyvnX6/Wnp9v0eo3ZbFQoRNoHAMjuAIDy53Z7s7OdgUAw/0sul9ft9ppMeqNRT0MBANkdAFBu/P6A1erw+Yrq3S5JQna2y+n0mM0GnU5DowEA2R0AcE0Fg1J2ttPl8sisHwgEs7LsGo3KYjGqVEoaEADI7gCAa8HhcNvtTkkq8Ru9Xn9amtVg0JrNBlGkEzwAkN0BAGXG4/HZbI4Cu7bL53R6XC6v2aw3GHQ0KQCQ3QEAYRYIBK1We7gGbpckyWZzOhzuiAiTRsP5HwDI7gCAMOXs7GyX0+kui+8DGRk2rVZtsRiVSp7QBwBkdwDAVXA6PdnZTkl233ajUW8y6QVBcDj+Mdx7ETweX2pqltGoM5kM9IEHALI7AKDEvF6/zebw+wMy6+t0GrPZkHP53GTS6/Xa7Gyn2+2V83aHw+1yecxmg16vpfEBgOwOAJAlEAjabE6PxyuzvkqljIgwqtV5T+NKpSIy0iT/O0AwKFmtjlAneLWacSQBgOwOACicJAl2u9PhkNu1XRRFs9lgMBR1pVyjUcXGRsjve+P3B9LTrXq9xmw2KhT0oQEAsjsAIB+Xy5Od7QwG5XZtNxh0ZrNe5jDtBoNWr9fIv+fV5fK63d6c3vMAALI7AEAQBMHn81utJejartGoIiJMJR0ZRhRFi8VgNOpkjjUpSYLd7gp1gtfpNGwmAKhY2d1ut+cvVavVWi33LQFAmQgGgzab3NtJBUFQKhUWi1GrVZd6jkqlIjraIv8ZT4FAMCvLrtGoLBajSkUneACoMNk9XBOSJMnhcBT2Kl8GACDEbpc7jKMgCKIomkx6ozE8T0LVatVVqkQ6HG673Sln/Emv15+WZjUYtGazQWQgSQC4nrI7AKBobrfXZnMGg0GZ9fV6rdlsCPudo0ajLjSOpMvlkVPf6fS4XF6zWW8w6NiIAEB2B4DrnN8fsFodPp9fZn21WhURUYadVRQKMSLCaDTqZC6VJEk2mzM0jqRGwwcHAJDdAeB6FAxK8q9wC4KgUCgslmt0k6hKpYyJscj/NSAQCGZk2LRatcViLOktswAAsjsAVGjye5aHmEzlMDijTqfR6TTye+F7PL7U1CyjUWcyGegDDwBkdwCo9OSP6JIToC2W8nwoksmkNxi08ke/cTjcoXEk9XrGIQAAsnv5CQ2YI0lSIBAoYuQcACiQ3x+w2RxyRlL/v7OwShkRYVSry/9srFAoIiNN8kedDwYlq9UR6gSvVjOOJACQ3QGgUn3zl/8EU0EQFAqxAl63VqtVsbER8p/26vcH0tOter3GbC7P3w0AgOwOAJDL6XRnZ7sk2X3bK3h/cb1eG+oE73DI+iricnndbq/RWA799QGA7A4AkMvr9VmtJejaXlnGaRFF0Ww2GAw6m83h8fiKrS9Jgt3uCnWCvzbj5AAA2R0AIFcgEJSZa0OUSkWlGx9dqVRERZm9Xr/Vapfz/SQQCGZl2TUalcVShuPTAwDZHQAglyRJ8vuTCP93DbsSP5dUo1FVqRIpv1+Q1+tPS7MaDFqz2SAykCQAkN0BoLy4XB6bzSm/a7vBoDOb9ddBhDUYdHq9Vv79uE6nx+XyVuovLQBAdgeAykr++Ikh11/XEVEULRaDwaCVOQ6mJEk2mzM0jmTl6iwEAGR3AKisAoFgdrbc5xYJgqBUKiwWo1arvj4/OVTK6GiL/OdPBQLBjAxbZblJFwDI7gBQWUmS4HC47HaXzPqiKJhMBqPx+u8lotWqq1SJdDjcdrtTTgcij8eXmppVwQfHBACyOwBUVm6312ZzyHlEUYherzWbDTfUI4qMxlAneKfL5ZFT3+Fwh8aRrGgPpQIAsjsAVFY+X8Bmc/h8fpn11WpVRMQNOiqiQiFGRBiNRp3VKqvFgkHJanWEOsGr1YwjCQBkdwAorWBQkn8VWRAEhUJhsfA0IkGlUsbEWNxur83mDAaL7wTv9wfS0606ncZiMd5Qv1QAANkdAMJDfu/tEJNJbzLpabccOp1Gq9XIv0PA7fZ6PF6jkWYEALI7AMjmdnuzs51yRk3JCakWi0GhYNSUvERRMJn0oU7wckbmkSTBbneFOsHz8wUAkN0BoCh+f0DmaOX/d95UKSMijGo158+iKJWKyEiT/BHxA4FgVpb9+hsRHwDI7gAQNjabw+mU37VdZICUElGrVbGxEfKfROv1+tPSrAaD1mIx0noAQHYHgP8JBiX5wZ2ByUtNr9fqdBq73eVwuOXUdzo9JpOBG1gBgOwOACXGA0GvniiKZrPBYNDZbA6Px0eDAADZHQDCTKlUREQYNRo1TRGu9oyKMnu9PqvVIf+2YAAA2R0AiiKKotmsNxh0NEXYaTTqKlUinU53drZLkj8eJwBAEPgJGAAKULVqJMG9TBkMuqpVI2kHACC7A8DVnRkVoshNqWVPFEVuSAUAsjsAAABAdgcAAABAdgcAAABAdgcAAADI7gAAAADI7gAAAADI7gAAAADZHQAAAADZHQAAALhhqWgCALha+y4IJy4Lp1Kk1GwhwyEoFeJNkUI1ixQXLfZvJpi0tBAAgOwOAOUq2y3N3ytsPCE4vXlekU6lCKdSBEGQFu0X7mgjDm0paDjfAgDI7gBQHqT9F4RvNgpZzmLquXzCnD+llYfFfw0S6sbSbgAAsjsAXFurjghTt5SgfqZTemOR+NpAoflN10cDBFyr/c5Vku+8FMySApmC4BUEQVTVU+o7K3UJSl1X9hEAILsDQAWw9JD08/YSv8vjl95eIk7oJ3Sqd/WLYHNK6/f4zl0KXEwJ2J1SrWrKejWVXVurb65e5iMQ+Kxf+7J/ESRH/pck/1l/9ll/9kxBtKjN96gtjwmihf0FAMjuAFBOTl6Rpu8o9bulz9aIrw8WWtUq9RTsLmnBes/6Pb7chacvBk5fDKze5W3dUHVvX23N2DJJ8EHPPk/GG5L/goz1tPlsU/32hZqYD5S6Luw1ABAujBEJALLZ3NInqwRJuor8K0mTVgl/p5fu3Vl26Z0fnHmCe24HTvr/PcWx64g//MHdvcOdMlJWcM8J8MF0T+qT/uyf2XEAgOwOANfc52uLvzm1WG6f9OGKUkwnJVN6e6rjSkaw6Go+v/DNAteCDZ4wrnfAtdGdOloQSvOVwJv1qTfzQ/YdACC7A8A1tPGEdCgxPJNKt0ufri7RO1we4cOfHRk2uZf8/9js3XrQF5aFlQKJnvSXrmYKfvvsq5wCAIDsDgCyOb1X0829AMcvC+uPy03PgvDFPKf84B4y7Q/32aTg1S+pJ+0lQXJd5UQCzhWetKfZjwCA7A4AZW/BXiHbHd5JSr/sFByyerb8utZz9FygxHE5KHwxz+m5uovvPtuUoPevsKxvwLXRm/kOuxIAkN0BoCw5vdLKI+GfbLZbmLWr2FqJKcFl27ylm0OmTVqwvvQd3yX/BZ91chjX2G+f73f8xg4FAGR3ACgzq48IXn9ZTFhafVQ4m1p0namLr6q/yqqd3vPJpew548l4o3T3pxbBm/mR5P+bfQoAyO4AUCakpX+V4cSL7Ea/ab/v3FX3Wf9paWnSf8C1JujZVwYr7HanPS8IAfYrACC7A0C4bTkVhnEhi3AkSThwscBXvH5h/rowDPV4Lim453iJL597sz4vq68rvlO+Mps4AFzfeK4qABQZNJceKvNZzNghto7LX75xn9fmkMIyizmr3O0amURRbn2/4/cS9WxRHo5RHIsWLphFt0pwKwW3UnRqJL1finFJ0W4hxi3dYg20Scmp78v+SanvotDGs4MBANkdAMLkXJpwJrXM53IhQ9h6WuhSP0/xiu3ecM0hNUvafMDXvY1aZn2fbaqMSgrln9UVB2IVp6IEnzL/66JLJSaahUSzIAjChjil3id1T/T3uSjp/YIgeNJf01dfxC4GACVCnxkAKJQkewj2q53RvN15SrYc8KVbpTDOYvFmj8zJBZwrJf+FIiqIyQbVvIaaV7qoZjdWHI0tMLgXFOXVipV11a93Vq2pLQiCFEjxZPyLfQwASoTr7gBQuM0nyzizuwXJI0k+ITFL2rBB0bNnzitLtnrDO6u0LGnHX77OLYq/9O6z/VBo/rZpVL/VV+ypXurFED0q5aL64o7q/pFHA7U2ChqPIGjY0QBAJq67A0Ahtp0WHN6ymLAkuaRActB7Iug7G/RfkgIpUiApOHOW61Ifn22yELT+dSZwOT0Y9vn+saX41Qm4Nwd9Bf3aEBRVm2qp3+10NcH9f589V0yaSe1VW2+SJCc7GnADstsdDofD4/HQFGR3AAhTwl5XBh1mpIDkT5R856RAZp5xEsVUg7gn4LN+40wacOH8XFGUwj7zpNTgvhPFDDjjy/oqf6HoVai/aaX8taHoCt+vtX6Fck4jwa1kTwMAsjsAXF3GTrMLhxLDPVFX0HdGCtoKe125qo4gCIKU3bPhRy8MGlst4mLY12vx5qKucgU9fwZ9x/IGd5ta/Z+2iuPRZdHOoo+PIQAguwPAVdp6Osy5PZAR9J0r+jGlikSz4nhU6O8G1Q6+fvuDDauH+elI55KCx/8u9LlI3sxP8mbrDJ36kw5iooU9AgDI7gBQUe08G87g7k+SApfl1FSu+99A7xqV95l+41vdvDm8a7a8kKEnA86leXu6exSqyS3FTB27AwCQ3QGgogpKwumUsE3MnygFs2RWFo/GiJcNOf+qVd6xvV+5re2UMK7cgZP+lMx8nekluzdz0j9LBPX3LRVJJnYHACC7A0AF5guEL7hfEArv4F5AdhdE1YbaeQoHtf750W7vhnH9Vu3M2+vdm/mhFEzPXaJeWreM+rgDAMjuAFDhsnvQnyQE7SU+L++qJjrzjsLeqf6KJ3u/Eq7127Tf587VcSbgWu93/PGPZTgWrVhZlx0BAMjuAFDRSYFgOCaSLsjuKvPPbw5K5eaa+Ytb37z5pcFPGLW2q182r09Yt9v7/5cz0ZP+z+eb2jTqn5qyGwAA2R0Aboz0H8yWAldKf2reVKvA8luq/fXWnfc1qhmGwWeWb/eGvqG4U58RpH/8OKD5sZng4FmnAEB2B4AbIrl7Jf+lq5mAaNMq91Qr8CWLIWP8gKdGxH9xlcuY7ZS27LN7Up+SfKf+8amwtYZ4KoptCABkdwC4IQT9FwXhanvdKNfWLuLVPs3mvj38nnrV/ir19I1aWw314wH3pn+U2tXqRfXZggBAdgeAGyS4JwqS5+qnI140K84X9USk6hEXXh78xH23TrIYMko68TZ1Nr5226Nx0UfylKvmNxBcajYiAFRYKpoAAMJFClpLNCJk0RRragdHHy66TvcmC7s3Wbjl+G07zww+c6VlsdOsV+2voW2mNKm5t4DZnYxU7qnORgQAsjsA3Aj8kj85jJNTHqwSSNNJse5ia3Zt/EfXxn9kOqqeSG53Pq1ZYnp9mysmxVZLo3IbtTaD1hahT28Wt71N7Y3RpkKeORUQVXMbsQkBgOwOADcEyZ949d3c/zlFUbm2tv/ekzKrRxlTOtVf0an+ilLMSrGhlnjFyEYEgAqO/u4AEI6YHUiXgs7wn6O31xQcZX6RRbSr1cvqsREBgOwOADdAcJc8VzOae1GpOqBQboor6+VXLaoveJVsRwAguwPADRDd/YllN3Xl+lqCuwyDtXjJpNjBLaoAQHYHgBshuQdSwjIoZKHZ2qVWbbmp7KavmtVYEES2IwCQ3QHgeg/uQYcUSC/ruSjX1ha8ZXK6VuyorvjbwnYEALI7AFz/0V0IJF2L+dg1yq01wz9Zt5KnqAJA5cIYkQBQWsFUSfJdm1kpV9cJdEkWNIFwfgAsqSfYNWxGACgXkiQ5HI7CXlWr1VqtNn85190BoHQnXW/Qn3bN5iZma5Qrbg7nBM9EKDbWYjMCQOVCdgeA0gj6L13jOarWx4lZ2vBMy6tQ/9xU5BZVACC7A8B1TwpkCJLrWs/Vr1QuvCU8XwMWNhAz9GxHAKh0bqD+7qXrVAQA+QSkYEq5zFi5t1owITnYKPOqJrK7mnJLTbYiAFRGXHcHgJIJ+pMFKVhOMxdV05sIrtI/qklx0ayayYDuAEB2B4AbgBS0C0FbOS6AaNWpf2tYyvem61STWwh+JdsRAMjuAHADZPfAlfI/ce+ooTwUW+K3ZWrVX7QRrTo2IgCQ3QHgBgjuQasgeSrCkqh+bCaeLcHzUMVMrebzNmI696cCANkdAG6Q7B5IqSiL4lOqv20lXjbIWGhBuaGW+r14Mc3AFgSAyo7nqgKAvOAezBCu1VNU5RBdavWXbQJ3nAl0vFxYHcU5i2pBA/F8BJsPAMjuAHADRXcpkFbRlkm0alXTmyo23RQYci7YJOMfL52KVC2rozgVzZYDALI7ANxgyT2QLkj+irlsivMRiq9bC4IQbJAh3JwtJBnFRIto07DVAIDsDgA3oEAFvOheQIg/FS1woR0ArmvcqwoAxZAC6YIQpB0AAGR3AKjgAlIwg1YAAJDdAaCikwIZgsRFdwAA2R0AKmZeN+sko0YQBEEKSoF0GqSs2tmkD5qNtAMAkN0B4KqkvDnI1aOBJFjp6V4mlAp3r/j0D56jJQCgRBhnBgAKYtTYRrRxJMSZ5y5THztHe4SRr0ld272DgjWq0BQAQHYHgLAJ1IjNGv+I5uAJ86+rFKncsXq1glVjskf09bZuTFMAANkdAMqEt1Wj9Gb19et3GpdsEj1eGqQUJL3WMaibq08nQamkNQCA7A4AJaZQiAaD1un0yDhZKl39EjydWhkXrdNt3U/TlYAouhNa2+/sI8m+LdVg0CoUIi0HAGR3APgHi8VoMOhsNofX6y+2ctBiyn74dmfPeMvMpapzibResfx1a9keHBKIqy6zvkajsliMKhXX5gGA7A4ABZ4HVcroaIvb7c3OdgYCxY8qE4irnvnaKO2ff5kWrlFk2GjAgr/nREfYh/XxdGwhs75SqTCbDTqdhqYDALI7ABRDp9PodBqHw223OyWp+Pqeji08rRsbVm0zrtomeH004P9o1M7+CY7+CYJGLae6KAomk8Fo1NFyAEB2B4ASMBp1er02O9vpcsnoBK9RO4f2cCe0MS1cq/3zL1ov9JXGPqxvMNois75erzWbDfRuBwCyOwCUhkIhRkT8Xyd4n09GJ/joCNuo4are8ZaZS5UXL9+w7RaIq257cIi/bi2Z9dVqlcViVKvp2g4AZHcAuDpqtTImxuJ2e202RzBYfB8af91aGW+M0W7bb1q4VmF33lBtFbSY7Hf09iS0FkRZl88VCoXFQtd2ACC7A0BY6XQarVbjcLjsdlfxtUXR06Wtt10z4/LN+rU7hUDgBvgMUbp6d3IM6S5p5QZxk0lvNOpF+sgAANkdAMJOFAWTSR/qBO92F/9gJkmvtQ/v6+za1rxgjebA8eu4ZbytG2ff1S9YJVr+FyGLxaBQKNipAIDsDgBlSKlUREaafD6/1erw+4u/oB6sGmMdd6/62FnznOXKy2nXWWsEqsdmPzjE17CO3E8alTIiwqhW84kDAGR3ALhW1GpVbGyEy+Wx2ZySjIEkfU3qZbw1Trdxt+mPDaLLfR20gGTU24f2cPfoIMi7fK5QiGazQa/XsvMAANkdAMqBXq/V6TR2u8vhkBHHlQp373hPfAvTHxt1m3YLcoaOr5gUCnf3dvbbeklGvcx3GI06k8lA13YAILsDQHkSRdFsNoTGkfR4in8wk2QyZN8/yNmjvXn2cvXJ85VufX0N69geGBysUUVmfa1WbbEYlUq6tgMA2R0AKgalUhEVZfZ6fVarIxAIFls/ULNq1oRHNfuOmeavUqZnVYp1DFaJzh7R19umifw2iYgwaTR8uAAA2R0AKh6NRl2lSqTT6c7OdsnpBO9t2ySjRQP92h3G5VtEj7fCrpek0zgGdnX16ywoZT0+SRRFs1lvMOjYJQCA7A4AFZrBoNPrtdnZLqdTRid4tco1sKunc2vjwnW6nQcrXCd4UfTc2so+vE/QbJK/+mazXqRvOwCQ3QGgUhBF0WIxGAxam83h9fqLrR+MMGc/doezZ0fLnOWqc4kVZC38dWvZHhwSiKsus75Go7JYjCqVkh0AAMjuAFDZzqoqZXS0xePx2WzyOsHXqZn56uPaXX+ZflujsGaX45IHoy32O/t44lvKrK9UKiwWo1arZqMDANkdACoxrVZdpUqkw+G2253F94gRRU+nlt42jQ0rtxpWbxd8/mu9uBq1s29nx4AEQauRU10URZNJbzTStR0AyO4AcL0wGkOd4J0ul6fYypJW47i9l7tLW+OCNdq9R67ZQnraN7OP6B+Mtsisr9drzWaDQkHXdgAguwPA9UWhECMijEajzmp1+GRcUA/ERNrG3KU6HW+ZuVSZlFKmyxaIq267b5C/fm2Z9dVqVUQEXdsBgOwOANf3qValjImxuN1em80ZDBbfCd5fv3bGW2O1W/aaFq1X2J1hX56g2WS/vaena1tB3sgwCoXCYjHodBo2JQCQ3QHghqDTaXQ6jd3usttdxdcWRU+39t4OzY1LN+nX7xJk3PYqi1Lp6hXvGNpd0mllvsNk0ptMejYfgBucJEkOh6OwV9VqtVarvQaLQXYHgGvKZNIbDFqbzel2F/9gJkmvs9/V39mtvWX2UvWxc1c5a2+Lhtn3DghWiZb/ZcNiMdK1HQAqDrI7AFxrCoUiMtLk8/mtVoffHyi2frBaTNb4RzSHT5nnrVRcSS/FHIPVYmz3D/Y1qSf3s0GljIgwqtV8RgAA2R0AIAhqtSo2NsLl8mRnO4PB4h+t6m3eIL1JPd2G3aY/1osyrtmHSAadfUgPd8+OglIh73uFaDYb9HotGwgAyO4AgH/Q67WhTvAOh7v42kqlu08nT3xL0+L1ui17haKHjlco3F3b2e/oJRnl9lY3GnUmk0GkjwwAkN0BAAUSRdFsNhgMOpvN4fH4iq0vmQ3ZDw5x9upomblUdfpCgXV8Detk3z8oULOqzGXQajUWi0Ep79o8AIDsDgA3NKVSERVl9nr9Vqs9IGNUmUDNqpkvj9TuPWpcsFqZnpVTHoyNst/Vz9OmidyPAZXSYjFqNHwcAADZHQBQEhqNqkqVSKfTk53tlKTiO8F72jX1tGhgWLvDsHyrIAqOgV1dfW8V5N1j+v+v99O1HQDI7gCA0jIYtHq9Jjvb5XTK6ASvUTsHdXMO6lbCWejMZr1I33YAILsDAK6SKIoWi8Fg0NpsDq/XH8YpazSqiAgTXdsBgOwOAAjrOVqljI62eDw+m80RuOpHqyqVCovFqNWqaVgAILsDAMqEVquuUiXS4XDb7U4ZfeALIIqiyaQ3GnU0JgCQ3QEAZc5o1On12uxsp8vlKdEbDQatyWRQKOjaDgBkdwDAtaJQiBERRqNRZ7U6fL7iO8Gr1aqICKNKpaTpAIDsDgAojxO3ShkTY3G7vTabMxgsuBO8Uqkwmw06nYbmAgCyOwCgnOl0Gp1OY7e77HZX7nJRFIxGvcmkp4kAgOwOAKhATCa9waC12Zxut1cQBL1eYzYb6doOAGR3AEBFpFAoIiNNPp9fEES1mq7tAEB2BwBUbGo153MAuP7xXD0AAACA7A4AAACA7A4AAACQ3QEAAACQ3QEAAACQ3QEAAACyOwAAAACyOwAAAACyOwAAAEB2BwAAAEB2BwAAAEB2BwAAAMjuAAAAAMjuAAAAAMjuAAAAANkdAAAAANkdAAAAILsDAAAAILsDAAAAILsDAAAAZHcAAAAAZHcAAAAAZHcAAACA7A4AAACA7A4AAACA7A4AAACQ3QEAAABxfM54AAAgAElEQVSQ3QEAAACQ3QEAAACyOwAAAACyOwAAAEB2BwAAAEB2BwAAAEB2BwAAAMjuAAAAACoGFU0AoLILBoPHj5/YvmPn2bPnMjIyMjIy0tMzXC6X0Wi0WMy1a8fdUq9el65dWrVsIYoizQUAILsDQDnYs2fvkqXLdu78MysrK/+rNpvNZrMlJl7avn3nLzNnV61atV/fPgMH9q9f/xY5E3c4HN999/3GTVs8Hk/XrgnPPfu0xWKhzcvUX38d/m7K1OPHT0RHR/fs2f3xkY9ptRqaBQDI7gAqtwMHDk75/od9+/bLf0tKSsrMWbNnzZ4zfPid48aOMRqNRdd/8613t27dFvp76dLlSUnJk7/9ipYvOzt27Bz/wkuSJAmCYLfbp0//5cCBg5O//UqpVNI4ABBCf3cAlUxGRubz4yeMefKpEgX3HJIkLViw8K6779+wYVMR1bKysnKCe8i+ffsTEy/dsM3ucDqPHDmamZlVdrOY+PGkUHDPcfDgoWXLV7DPAwDZHUCldOTI0UceGbljx86rnE56evqrr70+a9acIr4hFPiuG7PZZ8+e27//4JGPPzFg4JDPvyiTHx8uX75y+fKV/OX79x1gtwcAsjuAymfJ0mVjnnwqJTU1XBP88qtvpk6dRsMWbdefu7/48mufzxf6d86cectXrAz7XDSagvu1a7VaNgEA5KC/O4DKYf2Gje+//1HRdaKiItu3b1e1atXYmBiNRnMlJeXSpaRdu/602+2FveWHaT9FRkXeNWI4LVyYjRvzdi7asnnroIEDwjuX6OioBvXrnzp9Ok95fHxHNgEAkN0BVCbHj594++33CntVoVAMHjRw6NDBLVo0Vyjy/pzo9Xq3b98xfcbMo0ePFfj2n3/+hexehKx8fdyzrNaymNHrr786dtwzLpcrp6R37149e3ZnEwAA2R1ApZGenv7SS696PJ4CX+3Qof3455+95ZZ6hb1do9H06NG9W7euixb98fU3kx0OR54KaWlpXq+3sD4buGaaNGk8a+b0n36afvz4iajoqJ49u995x+00CwCQ3QFUJt98+11hfdzvu/fuZ599Ov+19vwUCsWwYXe0aNH82efG57kPtW7dugT3CuKmm2q+8cZrtAMAFPpxRhMAqMjOnTu3fHnBd0Y+/fS4559/Vk5wz9GgQf3vp3wbF1crp0SpVL4w/lnaGQBQKXDdHUCFNnny93nG/A7p36/vQw/eX4oJxsXFzZj+46xZc44eO1a1atURw4c1aFC/dMvm9/u3bdu+Zcu2pOTk5KTklNRUg8EQGRnZpHGjdu3a9u/fV6fTlXSawWDw7Nlzhw79dfDQofPn/87KysrKsgYCAZPJGBkZVb9+vcaNG/Xs0eOmm2qyb+RIT0/fsmXbwUN/nThxwmq1Wa1WlUoVEWGJjIysV69ey5bNW7dqWbduXRoKwHVAPHXq7/ylarU6NCyXJEn5+4bmrya/ZmWZoCRJgUDA4XC0a9eCvQQoL6dOn37wwUcLyt+1fpnxk16vL7tZnz177r77H8pT+P2Ub1u1aikIQnZ29o8/TV+2bIW18Ls2LRbLU+OevOOO22TO0eFwLFm6bN68BUlJScVWbtmyxdNPjQ0tTLF+X7R43tz5KSkpLVq2ePGF52rXrp17NWfNnnPs2PGkpOTGjRtNeHF8/fq3BAKBqVOnLf5jSYGD3OdhMBi6d+/60oQXin1OrRwpKSmff/H17t17zGbTXXeNuPeeu0RRLKJ+YuKlKVOmrlu/IRAIFD3lpk2b3HvPXb1791KpuGgFlL+9e/8yGo06nS7nGsd1liTLboKcwgBUXJs2bi6wfPTox8s0uBdtw4ZNkz79rNjnNNlsto8mfnLu3PnxxfXJkSRp9uy5P0z7yel0ylyGQ4f+emLMuGF33jFhwnilUll0cJ84cVLo7507dz311HOzZ88wm82BQOCrr7/99dcFOal3//4DE1565bcF8+bO/fWnn2fIXBKn07lixSqtVvvaqy9fZcN6PJ6nnn7+woULodb7/PMvRVG49567i1i1//73y8JuYs7j6NFjb7717sxZcz75+KMaNapzcAGopOjvDqDi2rp1e/7CuLi4vn16l8vySILwzbffvfra6/IfsDp33q/Ll68ookIgEHj9jbe+/Oob+cE9x8LfF7351jvBYLCoOgsX5f43JTV127YdHo/31ddenzNnXp7L1cnJly9cuLBp85aSLsnmkr8lvz179oaCe44FC34vrPKcOfMmTpwkM7jnOHny1MOPjDx9+gwHFwCyOwCEU0ZGxrHjx/OXD7vz9hLdnxpGkydPmTFjZsnf9b3f7y/s1cWLl6xbt77Ui7R27foFv/1eRIUrV1LylFxKSnrnnfc2b95aYP3IyKjIiIiSLkZYfgZJSk7OW1JI96EDBw5+/sVXpZuLzWabOWs2xxeASoo+MwAqqD//3FNgeadO8eW1SAcOHMz9r1KprFGjevXq1a1Z1uTLlwt7emtKaurWrdt69Cj4GUM7d/2Zv7BmzZpt2rSqV69uRESEx+1JTEw8//eFXbv+LPAS++TJU/r26R0VFSlzLRb9vriwMTcTEjpHRUU+9NADW7dtL7YHeW4Pluq+4VKb9Oln+Qvr1q17//33NG/WrGbNGqKosFqzTp06vf/AwVWr1qSk/OMLjF6n5/gCQHYHgHC6fOVK/sLY2Nh69cp/wJAmTRrfffeIPr175R4YfvfuPd99N/XwkSP56+/bf6Cw7N6saZNNm/7XrT+h860PPfRAmzat89e8cOHC1Kk/rl6zNk+50+lcv37D8OF3ylz4AoO7Wq3u06fXiy88LwhCixbNp/88bdnyFZmZmYIg7N9/8Mo/t0V0dFTHjh1CfxsMhq5dunTu3OmaNf6JEyfzd3oZNHDAm2++nvvG1qpVq1atWjUhofO4sWM2bNj49deTQ9f1IyIi7r//Xo4vAGR3AAinAvuU31LewV2j0Tzz9Li77x6R/6UOHdq3a9d2wkuvbtuWt5v+mTNnC5vgAw/cl5KaumbNunr16t53793du3crrGbt2rXfe+/tuLha0378Oc9LGzZukp/dcyiVyvj4Dl27dKlf/5aGDRvkHtGyQYP6zz/3TOjv1157I092r1Onzjtvv1lem2D3nrw/yERFRb7xxmuFjUijUCh69+7VrVvXvfv2p6WmhX5b4PgCUFmze/36tYurEyN7ajFhrVaeE5Qkye/3F/YLOIBrICMjI39hZFRUOS6SVqv9+qvPW7YsdOhYhUIx4cXnt2/fkWdMepvNVuhZWKV6acILL014QeYyjBo1csPGTWfPnstdePLkqZKuS8+e3V8Y/1zVqlUr3Y6RkpL3d4MWLZoXPdiOIAhqtbpTfEcOK6CCqFevlslkUqlU//zWff0kybKbIPeqAqig0tMLyO7R5XrF9NVXXyoiuIfUrFmzevVqeQpLMYZMEV8PBvTvl6fQarUWcTtsfhMmjJ/40QeVMbgLgqDId3397NlzPp+PQwbAjYDsDgBy3VRT1tNMb65du0wX4+abC5h+ZmaWzLePGDHsrhHDK+9WiK0Sm6ckMfHSc8+/ePToMXZRANc9+rsDqKCio6MLSKhZWRV/yW+qdZOwq5TvdTgcR48eS01LczqcERERUdFRteNq5blAnrtjeg75191jY2Iq9Y7RunWr/IV79+57bOTotm3bdOzQvm3bNk2bNlGr1RxEAMjuAHCNxMQUlN0zMiv+kqtVJU6NwWBwzdp1C3/7/eChv/L0lRcEoW6dOrd27nTP3Xfl741zA2rerFlcXNzFixfzv7Rv3/59+/YLgqDValq0aNGubZsOHdo3b96ssNtYAYDsDgDhUeB197Pnzl1/a3ru3Ll33/uwiC4f586fP3f+/Pz5vw0fdufYsU+wb7z80gvPPDu+iAoej3fPnr179uyd8v0PVatU6dWr54AB/Zo0aUzTAajs6O8OoIKqVq2AOylTU9POXV/x/ejRY6NGj5XTV9vn882d9+tTTz2XlWW9wfeNjh07vPLyBJmVU1JT58779dHHRr355jupqWkcWQDI7gBQBvmsQ/sCy3fs2HXdrGNmZtZzz79YouFoDx858tHET9g9hg27Y+r3k5s2bSL/LatWr7nr7vuWLl1O6wGovOgzA6CCio2NbdSo4YkTJ/OU/77oj3vvvVuhuB4uPXz55dcFDv1eo0b1hx58oHHjRqEhZdLS0g8fPrJ5y9bNm7dIkuR2u9k9BEFo2bLFj9O+X7Vqzfz5vxX4ONv8XC7Xe+9/qNao+/frSwMCILsDQDh1SeicP7tfuHBh3boNffv2ruxrZ7VaV61ek7/8vnvvHjfuSY1Gk1NiMpnq1Ll5yJBBp06fnjhx0uHDR9g3QkRRHDCg34AB/dLS0jZv3rp9x86DBw8V8SSskE8++U+H9u2jo6NoQACVDn1mAFRc3bt3K7B8yvc/uFyuyr52mzZtCQQCeQo7dYp/9tmncwf33BrUr//tN1+2b9eWfSOP2NjYYcPu+HTSxNWrls2dO/OVVyZ0797NaDAUWNluty/8fRGNBoDsDgDh1KhRw4SEzvnLL168OPHjSaWebCAQWLx4ybvvfTB58pRLl5LKa+1OnzmTv3Dc2DFFdwfSarUPPfQA+0ZhRFGsW6fOsDvv+OTjD9esWfHB++/WrFEjf7WNGzfRVgDI7gAQZuPGjilwcO6VK1fPnDW7FBNMTU17fNSYDz/6eNmyFT9P/+WBBx85dux4uaxaWr4xT7RaTf36t7DRw0WpVPbp02vevFldu3bJ89Lff1+gfQCQ3QEgzOrXv6V//4JvK/zqq2+/+urb/E8yKkJSUtITY8blDusul+vzz78sl1Vzezx5SqKjo5VKZcXfKCVq83Kn0Wgef/zRPIVer7dEw/sAANkdAGR5+qlxMTExBb40c9bs559/8fz5v+VMZ9OmzaNGj01KyttJ5tjx8rnuXqVKbJ6S5OTLNlt2xd8i6ekZcqp5vd4dO3b+MnP2unXrs7KywrsMDqfTk+/LT+HfNgoo0+l0HFwAKh3GmQFQ0VWpEvvppIlPjn3K4/Hmf3Xnrj/vf+Dh24YOGTp0cNOmTfJ3sAkGg/v3H5jxy6ydOwseGD42NrZc1qvAftjbt+8YMKBf0W9cu3b9tVxOMV//+0uXLqWmpuX/7pHbmTNnX3/jrZwHaVks5tf/9WqPHt3DkNodjrffeW/z5q1qtXr4sDtHjx5pMpmKfsuuP3fn3+gqFZ+AAMjuAFAGmjZt8ua/33j9jTcLfDUQCPy+aPHvixbHxsZ26NCuWtWqMbGxGrU6LS0tKTl5x45dGRlFXSe+7757ymWlunXr8u3kKXkKJ336WcuWzWvWrFnYu2bMmLlk6bJruZwmkzF/g0/8eNIH779T2KVrl8v10suv5r4P2GbLfuPfb/8y48e6dete5fJ8/c3kzZu3Cv//QbOr16x5+KEHhwwZZDabC6y/b9/+H374MU9h51s7cVgBILsDQFnp06eXw+H4ZNJ//H5/YXXS0tJWrFhVosk+8shDd40YXi5rVLdu3caNGx0/fiJ3od1uf3LsM08/PbZvn955fkM4d/78559/VdivB2WnRvXq+Qu3bt12x50j6tevn5GRERERMWL4nb1798p5dc2adfkH8PH5fLNmzX3jjdeucnl2796b+9+MjMzPv/jquylTEzrf2qFj+yaNG8fGxmi12pSU1EuXkpYtX1HgkDKDhwzimAJAdgeAMnT77UPr1av76mtvpKWlhWWCY8eOefSRh8pxjV584fnRT4zNU3jlypV///vtqVN/bNK4Ue3acYIopqelHzx06MyZs+WykG3atC6wPDMza/fuPaG/9+3b/01ERPv27UL/njh5ssC3HD9x4uqXp3btuIsXL+YpdLvd69ZvWLd+g5wp9O/fr3WrlhxQACoj7lUFUJm0aNF8xvRpHTt2uMrpREdHffD+u0UE9+rVq+XvOl+r1k1yJl6zZo18b6xVYM2WLVuMHv14gS9duHBh1eo1U3/4cerUaQt/X5QT3JVK5eDBA/NUVqvVhfU+r1atarGLV7RWrVrWqXNzsdU25Lq8HRMdXWCdwu45LpEJE8bfcku9Ur+9WbOmr7z8IocSALI7AFwLMTExX33532+/+bLUl07vuOO2X+fN7tOnVxF1DAZDnrEpu3fvJjN69u7dM0/f6+HD7iys8qjHHxs9+vECx7DPz2gwfDrp4xdfeN7wzyeG3nbbkMLuvLzttiG5/61SJbZz51tL1FyiKL726svFDl4ZFRWV8/etnTsVuEYFPmmrpGrWqPHjtO8HDRpYivf26NH9yy8+MxqNHEcAKinl22+/TSsUKBgMer1evV5PUwAVUM2aNYYOHdyyZYuAP5CaliZnuMDY2Njbbxvy6isv3X77UK1WW2z9TvEdnU7n5Ssper1+8OCBL7/0glqtlrNsBoOhU6f4v/++YLXa4uJqvfDC87169Siiftu2bdq1a3v8xImMjMzC6qhUqhEjhk386IOGDetrNJrOt3bKzs6+cvlKZGTE8GF3PPXU2MKyddMmTUwm04WLiX6/v337du+/907VqlVL2trVq1dv1Kjh9u07vV5vgRVq1brpxReey8nEVWJj/X7/gQMHc9dp167thBfHF/Et5ejRY9u378xdolAoHn/8sQJbo0f3br169lAoFH+f/9vn8xW7Cs2aNX1pwvhRo0ZqNBoOH6Dcud1ujUajUChkXrlADrFyPWLjmpEkye/32+323FeSAFTYb9pHjx7bsWPnmbNnMzMy0zMyMzIy3G63Xq83m0214+JuqX9Ll4TObdq0Vigq9I+Nu3fv2bRpy4EDB6+kXHE4nJGRkdHRUfXq1u3c+dZbb42PiIgo38Wz2bIX/7Fk585dZ8+etdmyNRpNZGRkjRrVu3frOnBgf4vFkqf+mjXr5v06/8yZszVqVO/du9ejjzxU9MX7+Qt++/TT/+YuUSqV27dtKnqpPB7PkSNHDx8+cvjwkUtJSVar1WazBYOS2WyyWCz16tZt1rxpp/h4HlgLVCiZmZkmk0mlUpHdye5kdwColH6d/9t//lPi7A6A7H5Dob87AKBCSM83fBC9FgGA7A4AqIguXMg78mP+fjgAQHYHAKCcZWZm/fn/R4vPIXNQTgAguwMAcI14vd5Jn35mt9vzlLdq2YLGAYDceK4qAODauXjx4ldfT05OTm7atEmjhg1jYqIvXLi4ZOmyv/++kL9yjx7daTEAILsDAMqB1+t95tnxycmXBUE4efJU0ZU7dGjPwI4AkAd9ZgAA18jp02dCwb1Yer3+lZdfpMUAgOwOACgfsbExch6PpdVq33/v7bi4OFoMAMjuAIDyUbVq1ddee1mr1RRRp0mTxlOmfNOlSwLNBQD58VzVgvFcVQAoI4mJl9auW//nn7uTkpJsVpvb44mIsMREx7Ru3apL14RO8R1pIuC6x3NVye5kdwAAALL7dY4+MwAAAADZHQAAAADZHQAAACC7AwAAACC7AwAAACC7AwAAAGR3AAAAAGR3AAAAAGR3AAAAgOwOAAAAgOwOAAAAgOwOAAAAkN0BAAAAkN0BAAAAkN0BAAAAsjsAAAAAsjsAAABAdgcAAABAdgcAAABAdgcAAADI7gAAAADI7gAAAADI7gAAAADZHQAAAADZHQAAAADZHRWJw+n8YdpPDz38WI+efW+/Y/hzz73w22+/BwKBa7YAkz79bNKnn1XkJjp85Mijj43q1r3XCy++7PF4hw2/e/fuPWUxo4cfGblu/YYiKqxes/bBBx8N1+zGjBn3w7Sfrk0bBoPBFStWPTFmXN9+g/r1HzxmzLhvJ0+x2WyV5TBJSk6+7fbhScnJ18Ehv2TpsjuH3d2rV7/nx0/wer1lOqNLl5Ju5LPrsWPHn3r6uV69+g29bdjkyVNKd17du3ffnj17r9kyP/DgI2vWrOOTESC7o6IGd4dj5MjRU6dOqxIbe/fdI9q1a5t8+fInk/5zz70PZmRkhOo88+z48S9MKLtlOHv23Nmz58qrBY4fP/HhRx9LklRYBbfb/fLL/woEAu+/9+5jjz7scNgvXUq6mJgYlrn/+OPPt98x3Gq1hv49ceLkuSKb4sLfF06dPh2udT967PjJEyevTTu//c77b7/zntfjHTp0cJ8+vSRBmD79lzuH3V3qUJKZmTX0tmHTp/8i/y1ffvVNqWd3OfnylStXLidfDm+zLF+xcs7cX3P+3fXn7oGDhpZpUDt+/MT773/Uonmzt956o127tkqlsuzm9f77H61Yuerqp1OKbV0RXLqUNO6pZ/0+38cff/jAA/fOnjNvztx5pZjOtB9//vGn6ddssU+fPvP333/z4QjIoaIJcO399POM8+f/fv+9d/r27R0qkSRpxYqVi/9Y6vZ4QiWiIIiCeL22wN69+xYvXjL++Wf1en1hWSc9Pf25557u1q2LIAg5X2nC9q1dVIiieH3vZjt27Fy1avWwYXe88vL/vgQePHho2rSfXC5X6aYpSZJCIZao6RYuXCQIQvv27SpOy6xduz4jPeO+e+/OWSlRVAhluT9s275DEIRnnnmqSpXYa7GGhX8rLtNtXRGsWLnK6XR++OF7MTExHTq0P3jg0N69+x584P5SrD4fVQDZHfg/fx36S6fT5QR3QRBEURw0aOCgQQNzSr788r83chOlpqYJgtCwYYOymPjIkY+OHPnodd+Gh/46LAjC0CGDcxe2atXyanat6OioxYt+u84aqlN8x+XLFpfpLNJS06KiIq9RcA+TSrqt7Xa7Uqm0WCyh/H3h4sU2rVvzoQOQ3YGrEhMb6z54aNefu+M7diiszieT/iNJUuiKaUpKyr9ef/PDD9/bumXb3Hm/Xr58pUmTxq+9+nJcXK2pU6ctW77SYbe3bdf2X6+9HB0dLQjCxYuJY8c9PfX77/bt279s+Yrjx47Xrl27f/++9957dxFX0Xbu+nPO7LknTp4URUWjRg0fe/ThVq1aFljz+fETmjVtMnr047kL9+zZ+9bb782a+XNkZGRoGb7//ocjR49mZWbVqVtnxPA7Bwzor1AobDbb0NuGud1uQRB69OxrNBqXL1us0+lyphMMBgcPuT0jI1MQhHvvfVCj0cyZ/YvBkPfyfDAYXLBg4dp160+fOh0RGdm2betRj4+sUaN66NX//vdLu8P+7zf+lVN/zpx5W7dt/+brLwRBWLV6zfTpv8yeNSP3BA8fOTJ9+i8HDhyKjo7qFB8/duwTuZcqj8LWrhQ7g9Vq/eGHH/fu25+YmBgVFdWje/fHH3/MYjELgvDc8y82bdpkzBOjctffv//AO+++//NPP4TaecuWrXPnzT979pzH46lf/5ZHH3m4c+dOoZqxMTGCIGzatLlp0yZFL8PvixavWrXm5MlT0dFRLZo3HzfuyVDKDO2E99x91wcfTrycfHnRogVKpfL+Bx5+5JGH+vfrG2rJmTNn//Tj1Gk//rx167akpOSGDRs88vCDnTrFC4LwzbffzZgxUxCEWbPmzJo158knn3js0YcLXIDk5MtTvp96+PDRjIyMBvVvGTp0yJAhg3JX2LRp84wZs06dPh0REdG/X5+xY8fkdDspogFztvUPU7/76KNPtu/YOeaJUZ/994vQJdX4Tl06duzw1Zf/TUy89OTYp76b/E2tWjeF1lqpVI4eNfLbb6ds3rLV5XI1atTwhfHP5f4m6XA4vv5m8u7de61Wa+vWLR995OHz5//+df6C6T9Py7NqJ06cfGzk6FCX6/hOXeLiai2YPzfniPt13vxjx08olYrGjRs//NADLVu2yHMGyNP4BRy2O3f98sus4ydO1qxZo1vXLvm/lBZ9pAiCsGTpsvnzf7tw4WJEhKVRw4ajRo3MWdPc21rOWt//wMOPj3y09s21v/tu6v79BzQadccOHV544bnQvirn2ClwrYtYwvyaNGkcCAQOHjzUrFnTz7/4Kjn58scT7y72MLx4MfHrbyb/9ddhrUbTvn27ceOelH+GdDid99xz/xuvvxba7XPMnj13y9Ztk7/9qqQn2NC3jvkLFq5bt/7UqdOxsTHNmzd78sknqlapklPhvvsfGvX4Y1WrVv1l5uz9+w9ERkbGd+wwdtwYo8Egc9Pn7ParV6+ZO2/+6NEj7xoxPHQk7t27Pzs7u87NN/fq1eO+++5Rq9V8aqNCUb799tu0QoGCwaDX6y2sSwOuhl6vX716zerVa86f/1sSpOrVquU/Oc6cNScryzpk8KDQx/+PP00/fPjIyZOnBg0c0LBhg7Vr1+/du2/Pnn2pqWlDhwyKjo5etWq11Wrt3q2rIAhnzpz5df5vZ86e3bt3X3zHDl26JFy+cuW3hb8nXrrUs0f30PSXLVshCEJo+oIg/PDDjx9N/KR9+3Z33T2iQ/v2KSkpn3/xVe24WvXr35J/+Tdv2bpmzdp77r5bpfpfmPjsv19evnz50UceUiqVO3bsHDvumeioqBHDh/Xt21upVH435YeUlJSuXRK0Wm3jRg0VCsWp06fffuvfQ4cOrnPzzbknLopik8aNzWbz4SNHXhj/3LBhdzRp0tjj8cyaNadLl85NmjQWBCEQCDw/fsKKFasGDOg/YsSw+g1u2b17z48/Te/WNSEqKip07e27KVNvuqlmgwb1BUE4fvzE62+82aNHt/j4joIgbNywae269aNHjcxZ92AwuGzZ8saNG/Xr10chKn5ftHjL1m1DhwwOpaV9+/bv27c/p34Raydn6//00/S4WrX69u0jCMKVK1fuve+hjMzMwYMGDujfX6fT/bbw9+PHjw8cOEAQhB3bd65cufree+5SqVS5It2nV66kPPrIQwqF4uuvv/3sv1+0a9d26JDBrdu0OnDg0K/zF7Rv17Z69eqCIMTGxqxYsWrnrj/37t3n9XpjY2ONRkP+iPDKq6/PmjWnefOmtw0dckv9WzZt3jx7zrz777tHoVDMnAQh+WoAACAASURBVDXn5MlTS5YsjYiIGD78zmbNmobSVf1bbmnbtk2oJdesWXf48JGMjIwe3bs3bdb00KG/5s6bX7VKlcaNG9WOi2vVquWWLVtvvbXT2LFjunTpbDQa8zfI/v0HxowZl5GZOWBAvz69e7ndnh+m/WQwGFq0aJ6cfHnZshVXrqRs2bqtc8Kt/fr2SUtLW7lqdURERPPmzYptwJxtffDAwaSk5AED+t02dHDLFs0TEy9pNNp//euVvn16x8TEnD595tf5v/Xs0b1GjRqhQ+/o0eMrlq+MiIwYNGhA3bp1NmzYtGXL1hHDh4X2B6fT+fAjI3fv3tujR7eBA/u7Xe6ffp5x5syZc+fOj3zskTxrFxFhadyokdVqtVpt77zz5sAB/atVqyYIwowZM99974OY6OjbbhvStGmTI0eO/jz9l+joqNAeHlqM/I2fxx9/LP3X62/q9Lphw+5s2LD+nj371q5bn5iY2K5tm9AGKvZIWbBg4cSJk7p17fLgg/e1bdM6OfnyZ//9YuDA/mazOc+2lrPWn0z6z5WUlGXLVjRt0njwoIFarXb5ipUpV1J69eoh89jJv9ZFL2F+tePilixZdvDgoVmz5gqC8J9PP46Lq1X0IXny5KlRo8ZcuZJy++1Db+0UfzHx4i8zZ9vtdqPRIOcMqVQo5s1bkHgxMWevEwTB4/G+/MqrdevW6dOnt5wT7A8//Jiz1YLB4IQJr8z7dX7LFi1uGzqkapUqGzdu+vXXBe3atq1a9f/i+6RJn6Wmpa1ctbpxo4Z9+/VRKhSLFv+xYcOm24YODp0uit30od3+5ImTO3f92bVLwuDBg9Rq1eOjxmRlWe8aMWz4sDsjoyJ/+23hmbNnu3fvxqd2WXC73RqNRqG4/jtwhp+EgoSCe0ZGBk1RRtat3zD0tmEd4xM6xid06drz5Vf+tWPnrtwVnhz79JNjnw79vXfvvo7xCe+992EgEAiVfPTRJx3jE+bNm59T/4kx40bcdV/u+hMnTvL7/TkVQm/Zt29//ukfPHgovlOXpUuX516An3+e0bVbL6vVmn/hd+/Z2zE+YeXKVTklqampnW7t+vU3kyVJslptAwYOffe9D3K/JTSL7dt3hP6dOXN2x/gEp9NZWPusXr22Y3zC+fN/h/5NT0/vGJ/w28Lfcy1bz7PnzuXUDwQCz49/8bGRo3NK3nn3/Z49+yYlJbvdnnvueeChhx/zer2hl6ZOndYxPiGnZsf4hPvufygtLS2nZM2adR3jE2b8Mit/fTlrV7QuXXu+9NKrob89Hs+q1WtyFkySpClTpnaMT7iSkiJJ0v4DBzvGJyxZsizn1eTky/Gdukz+7vvQv4cO/XXq1OmcV61Wa6/e/d//4KOckpMnTz0+akxoN+sYnzBq9JO//744916x+I8lHeMT/liyNKfE7fYcPHgoZyfp0rXnxk2bcy9/x/iEqVOn5W6ZlatW57zqdDofevixPn0H2Gy2UEn3Hn2++PLrwlrD4/EMH3HP/Q88nFNfkqQzZ86mp6fn7Mn/fvMdn8+XU3/AwCEvTnhFTgPmLOE3336Xe6bjX3jpkUcez/k3NJe9e/flrHX/AYNPnjyVU2HGL7M6xiecPn0m9O93U6Z2jE/YuHFT7u0yfMQ9Xbr2LGw1J06cNGDg0NwreGvnbm+/837OEe3z+V566dWu3XolJ18uovFzs9lsffoOeGzkaJfLlVM4d+6vuTdQsUfK46PGPD/+xdyTzcrKKnBby1nrjvEJIx9/IvdJ4/nxL/bpO1D+sZN/rYtewvz27t0XOrX++99vyzwbjx33TM9e/S5dupRTsn//gZ69+sk/Q06b9lPH+ITExP9NYfnylR3jE/78c7fME2zupl74+6KO8QmL/1iSUzk9Pf2OO0Y88MAjOQfv/2vvPuOiONc2gN/bAREEpAjs0psg1S4I9tgV1NijRg12E1MtsaYcPTF5E1vUWGMSNRZAUVDEghQrHQSkixTpILD1/bC4bhAVBHJErv/PD+4yMztzPzuz184882zvPgPmzftHqYOCL/XuM2Df/gNNbHr5237pspXV1dXyZyKjbvXuMyAhIVExi0gkqqqqwud1GykpKREKhVKpFKVoLowzA/8bgwd5nTl94ueff5wwYZyqqurVq9dWrPjk6/WbXnGD1KhR7ymuLAsEfPkzir+amAiqqqqUp5ef1lI8XLRoIYvFuhJ69cUlX7gQpNu16+jRI5WfnD59qlQqDQ6+/OL0Pd1cBQKBn/85pcvugTKZbOKEcUQUFXWrpKRk7px/nIB0dOzh4uIcEHC+Vap3PvDCoEFeZqamimeYTOasmTMSEhIzMupHjPl01cfaOtobNmzauWv34/z8LZs3vOLK7+BBXjo6OoqHQ4cOtrfvfulSI9veulvH5XKHDxvK4XDqnt2j3KtXTyLKzMgkImcnRwsL8zNnnnfF9vMPYDAY8joTUY8eDpaWFhKJRCwWE5GGhoaNjXVm5vPRKqysLPfv23P0yMG5c2bz+caxsXHffb911uy5ijF2Tp06Y2dnq9wnnsfjKvfccHCwl1/MeQVFnwr5NaX5H86rqKi8e/deUypw69btnJzcxYt9lU+jmpubyXt/yU0YP1Zx5YHL5ZqZmZWWlDalgAqLF33UrHYxMzOTX7Gp74Zha0NKN0xfuRLao4eD8slIAwP9QYO8mr58P78ABoOxYvkSxR7NZrNXrFhWV1d3PvBCE4t/69btiorKhQvnK3fuev/9yc3aU7p21YmPTwwLuykSiZ5dKNBs9OWauNX9+vaR9zWXs7W1raiokHcZauK+02Crm76GROQfcG7xkuVmpiaOjj1CroRGR8fIn3/0KG/Llu+kUumLs5SWlt29e2/SJG9DQ0PFk87OTjY21k0/Qo4fP5bFYp3181f89exZPz6fL79Fu7kH2FOnztjYWI8bO0bxjLa29tx5H6SmpcXFxT8vdb9/lHr4sKHW1lahz47wTTlIEtHcObPVnnWzkfeyO3Hy74KCAsXbstFrZQD/W+jvDv8zLBarT+9efXr3+vyzVbdv3/nvDz8GBQU7Ofbw8Zn42nmZrIZfO1nM14w6p6mp2a2bQXZW9ot/epieXlhU1Kev+4t/etnQyN4Tx//0f7/k5OTy+cYymczf/1y/fn3kH34P09OJyGfS+y/O1SrXXsVicXZ2TlZW9sWLwQ3LwmTW1dWPnK2mprZ584b5832jY2LXrV0tEAia9Srd7ewCzp1vtFatu3WnT589dPhoQUGBllaXfn37Dh02RH7RXP5XH++JW7f9kJqWZmVpKZFIAgLOubv3l3e6IKLHj/O3//hTRESUVCo1MzNdMH8eh8Opq61r8BLW1lbW1la+vgtTUlJ37/k1PDzyP1t/+PabTVKpNCMjY9zYsa37xra1syGirMbeaS9Ke5hORA6NdQh5mQbb+OoCtgrlb30SiSQ395G394SWLDA9I0Mg4Cv3AiciIyNDbW3thw/Tm7gQeYW7P+tj82Z7yorly9auW7/q0y94PJ6rq4unp8eokSN5PO6Lx4E322quUunebN9p4hoSUd7jx9u2bffwGPD9d988efJk5qw5n3+x+tDBfYaGhjt37k7PyGy0Z0JWdjYR2dnavmIrXnuE1NHR8fLyPHfu/EcL57PZ7IzMzOiY2JUrl8tfsVkHWKlUmpWVPX5cw73SydGRiB4+THd2dnrprmdrExQULD/F3pSDZAMWFuZLly4+dOjIhQtBAoGgX78+Y0aPaqMBAwCQ3aHdh/i+ffv8uH3bpMnTom7dbkp2fzNSqezF0C8/3dKtm8Hevbtf+D7AVD4brWz06JG7dv/q5x+wdMmiu3fv5eXlrfpkhfLJm0MH9+t0bTivjtLJ1DffadlsTU3N3r16Llu+pMGfVHgqipsU5Z+L8usY8tPSzcJgkEwmlclkDT7vW751UqmU8exsa1BQ8H+2/nfKZJ/Zs2fxeNy4uPgdO3YpT/zeyBE7du4+c8bv889Whd0MLyp6snbNRMXWrfx4VU1N7Y/btzk42OcXFPid9b9/P9rK0vJlL21tbfXDf7eOH+9z+/ZtejYKXqv3tJRJpUTEbMshzBVeW8C31kt6uMqa3hzPrtAxWrKndOtm8Nv+X9PTM4KDL4VHRH7//bZjx/7ct3ePllaXVt/kN9t3mr6GkRFRQqFw3tw5LBZLX19/y5ZNH3/86Servliz+ouQK6Hbtn7feM2bsBc05Qjp4z0hJOTKtWvXhwwZfPaMP4/HHf1s3LBmHWBftlc+e57xyl1PJn8/NP0g2cCsmdOnTPa5evXatethgYEXjx8/uXLFsmnT3sfHNCC7Q0dXV1fH4/EaPGloaMhms0WitvrBxbKysvz8/IEejZz7MTc3C7kSyiBG08ew09DQGDJk0PnzgYt8F/r5Bejr6/fv30+xNCLKyc21s7Nto20xNzd7kJKi27XrKz7JKioq1qz5uqebq42tzQ/bf7Kzs1W+CP5aSckPBHzBi8tv4dYVFBSIxWJjIyP5w+BLIUZGhqtWfSx/OGBA/86dOy9YuEgxfSc1tffeG37xQtCypYvPnvUzMjKU325LRKmpaZmZWevXr5X3EjEzNV25cvnD9Iyn1U/lE4jFYgaD0WBwEiaTyRfwExOTZDIZi8UyMzOLi09o3dZJSkqmZ926XsvSwpyI4hMSBzx7/zTLawvYFt+0jY2NWvjrWuZmZvfvR5eXlyt3/8jLyyspKTU3N2/iQkwEAiJKSUl5xdj5TdlT5JP5+i709V0YGxu38KPFAQHnZs+e2fpb3YJ957VrSETyToOKzld9evdau/arjRu3LF6y3MHBXv5LES+SX5F7kJLq9ew+/jc7Qrq5uZqampw+4+fu7h544cLwYcMUEblZB1gWi2ViIoiLa7hXxscnKGr4MsnJDwQCvrytm9j0L+LxeCNGDB8xYrhQKFyz9us9v+6bMmUS61/5Kg7QROjvDv82qVQ6ZuzEj3yX5OTkKD9/7NifYrG4FYciPn3mrPL55t179kql0sGDvV6ccvz4cWpqatu3/6R8AbesrCw7+1XdHrwnTigpKT1//kLo1WsTJ4xT9Nx1dnays7PdvXtvRUWlYmKxWJyYmKR4KP84eeNfCJoxfWpWVvbxEyeVn8zKylZ045bJZBs2bBaLJRs3rvf9aEH37nZffrW2srLyZQu8fiOsrKxM8fDa9RtxcfFeXo1cx2/K1imLjo5R/k3WQ4ePElH37vXZhcNhy6Qy5ZscXvyg9fGeWP306ZGjxyIiory9JygmkHfkkEr+0TlEeebVa7729pkSGRmlPEFMTGx0dIyTk6N8Od4TJyQlJZ87F6j0xVIoD99Nd+LE34r/19TU/HbgkKamZk83V8UW1Tx9aUP36tXLyMhw965fle/WyMjMVDTlqzWlgC9iMBhPa56+8Z7l5TkwOiZW/nNLcoVFRVevXm/6EsaPHyuVSnfs2K1Yc4lE8n8/7+TxeKNHjWziQnr2dO3UqdPefb8Jhc+/8Psr3YXSlD0lOfnB06fPS2Fv311NTa26urottrq5+05z19DaxpqIwiMiFc+MGvnegP79hEKhfPTPRmlrazk69jh58lRhYaHiycTEpDSl3baJR0gf74l37tw9fPhIRUWl8uXT5h5gfXwmJiUnByrd+VBWVnbg4CErS8sePRwUT14OCS0uLlY8DAoKTk1Lkw9r05Smf1FlZaXywYrL5To6OopEoje4bgnQpnDeHf7174tM5pTJPocOH502fbZ9dztbW1smixkfnxAbG2djYz116pTWeqGysvI5c+Z7eQ3U0tK6fv1GZNSt0aNHNjqisK5u11WfrPz2u/8sWrxszJhROjo6SUnJf/11wsN9wPr1a1+2fEfHHhYW5v/9YbtUKh03bozyBq7+6otlyz+eOWvOtGnvm5oIch89OnHiVF1dnb9f/U+96BvoE9HPv+x0dOzhPqC/np5eszbN3X3A+PFjf/zx5wfJKe7u/ZlMVlTULT//gNWrv5Dfdnn06LGIyKjdu36RX1jfsnnjzFlzNm3+ZtvW7xtdoEgkmjt3gafXQHNzs6SkZD+/AD6fP2PGtEab77Vbp+zXvftjYmIHD/YyMjSMjo6Jjol1cXEePHiQ/K9jx4wODb22afO3M2dM43K5ScnJf/7Z8PfbLS0tHB17HDhwiMPhKN9UamZm6mBvv3PXblU1Vfvu3YuKioIvXU5MSjZ51rN/9Kj3YmNjV6xcZWVpadfdVltLKyMz68aNsE6dOn26aqV8mnHjxoTdvLl5y7e3bt9xdXF++vTp6TNny8vLLwQGKA9M+WrXb4TdDI/o16+PSCQ+fy4wIzNz7dqvFLe46evrX712zdLSootWlyHPNlzpJB937ZqvVn36xaxZc8eMHa2vpxcTGxsQcH7Z0sWN1r+BphTwRQYG+mFhNw8eOtKli6ZiEMCmm/3BrOBLIZ999uWkSd62NtYPHqTeDA/X1tbOz89v4hLMzc0+Wjh/1+5f8/LyPD0HSqTSy5dDEhOTPvvsEwMD/SYupEuXLksW+27d9sOH8z8a+d4IFosVdet2XW1ts/aUdV9vrKqqmjLZx8bGRiIRnznjJxaL5AOYtvpWN3ffkWv6Gvbu1bNXr547duySiMV9+/bOy3vsH3A+Lj7e23vC6dNnuxkY+PoubPQlPvlkha/v0tkfzPPxnqirqxsbF5eQkKh8G2gTj5CjRr23c9ee3w4csrO1Vb620NwD7PhxY29cD9u46Zs7d+85OToWPXni73+upubp5k0blM9/d+6svmDhInf3AZYWFvEJCf7+50xNTRS/Fvzapn9ReETk119v9PQc6OXpoaevn5aWdvDg4aFDh7x4lRjgfwvju7/q9DDGd28jbm6uw4YOFopExSUlUbduZ2RkdNHUnDzFZ83qLxV3xSXEJ2ppaw0Y0J+IxGJJyJXQqVOnKD5OysrKEhOTpk19X3G2Oyc3t7KyUn7STj4q9rq1XwlMBKGh1y5eDOap8GbOmL5ksa/irGRCQqK2traio4K1tVX/Af2Sk5KDgi9fvhwiFAqHDRu6cMGHXC73FRsik8mu3wgbPHhQgw8DHR2d0aPeyy8ouH7thp9/QFFRkYuL05dffKZYfwGfn5mReePGzZSUFGdnJ0PDbg2WXFtbGx4RMXPGdPnHBpPJCgoKHjN6lJFR/VgQHh7uAgH/3v1oP/+AO3fvqaiqzJw5ffSokfKC7Ny1Z+r7kxW/XNupk5qVleXZs/7jxo/lcjhFRUXZOTmKE2MhIaFz584eMWJY2M3wgIBzxcUlQ4YM/vbbzYrhF4qePMnJyfXxntjErVM2yMuzrrb23v3oqKhbbDbbx2fil198qmhlgYBvZWkRGnr10OGjkZG3VFVVly5ZFHIldMpkH/kYzHLdDAzCbobPmD61v1LHEgaD4enpUVhY9Ndfx0+dOpOZlTXJZ6JaJzUejyu/88/U1GTChHFsNruqsjIuLj4mOpbFZg3y8vzu2y2Ku10ZDMawoUO0tbVjY2IvXAxKz8hwcLD//rtv5B0P4uMStJ+9CRVCQkI9vQZaWljQs5HvT574Iysr+9KlkJs3w42Njb784jPljG5sbBQREXkj7KZIKBoyZPCLJerWrdvwYUNych+Fh4eHXrnKYDDmfzhv8mSfRt/5RPQg+YFaJzX5UCSvLWBhYVF2dvYkH2/lVzQzM42NjQsNDX38OH/IkMEcDkf5VZR3vfqDoUwaEhL6/vuT5F1cuBzOmNEjy8srIqOirl8P09TQ+OTjFVVV1UnJyS/78alHjx5VPNs9FSehe/RwSE5Ovnw5JC4uwdjYeO2ar5S7bTRa/Aa6d7ezs7VJSkq+fPnK48ePXVyc16z+Mikp2dNroIDPb8qeMnbMKJFIdPXa9TNn/CIjb+no6Kxbt9rW1ubFtm7KVitPL1dcXJKRnjF5so/8yPPafefFrX71Gja4nOLlNZDJZAZeuHj09z9SUlJNBIItWzaOGD6sk5rahYtBkyZ5N3pZRrdr18GDvDIzs65fD4uPjzc0NNywfp1QKDQyNJQPuN7EI6T8/ykpKZ+u+qTBoPKvnT009Kqn10ALC3P5hgwfPkxTUzMmJjYw8GLe43wXF6fvvtuiPGjM/v0Hxo0dM2PGtOvXbwScO19aWjZs2JBvtmxS/sh+ddO/uHNZWlj07dP73t17wZdC/PwCcnMfTZw4fukS36Z/jYdmwfjub4zxiiH5OjKZTCYWi6uqqpQDBLQX9+7dX7R42e5dvyg+eNpIaOi1L79as2vnz27POkhAh7J//4F9+w9ERYahFJ9//lV+QcGRwwew1fAv6NPXfcH8efOf/WActEelpaXq6upsNhvZvbnQ3x3gzb/g/fHnXyYmAgR36FAqKiqVh9kmory8vNt37rbdzdnYagAABVwJAmi22tramzfDIyKiYmPjNm38GgWBDuX27dur13w9aJDnIC/PLlpa6ekZx479oaqq+tHC+dhqAABkd4BmMzDQ19PVNehm0EbLT0xM2rjpm86dOy9ftmTEiOEoeIdlamraAX+6ZciQwTu7dDl06MgvO3aVl1d07drVw9199uyZ2q3x8wXYamgKKytLMzNT1AE6JvR3bxz6uwMAAAC0EfR3f2Po7w4AAAAAgOwOAAAAAADI7gAAAAAAyO4AAAAAAIDsDgAAAAAAyO4AAAAAAMjuAAAAAACA7A4AAAAAAMjuAAAAAADI7gAAAAAAgOwOAAAAAADI7gAAAAAAyO4AAAAAAIDsDgAAAAAAyO4AAAAAAMjuAAAAAACA7A4AAAAAgOwOAAAAAADI7gAAAAAAgOwOAAAAAIDsDgAAAAAAyO4AAAAAAIDsDgAAAACA7A4AAAAAAMjuAAAAAACA7A4AAAAAgOwOAAAAAADI7gAAAAAAgOwOAAAAAIDsDgAAAAAAyO4AAAAAAMjuAAAAAACA7A4AAAAAAMjuAAAAAADI7gAAAAAAgOwOAAAAAADI7gAAAAAAyO4AAAAAAIDsDgAAAAAAyO4AAAAAAMjuAAAAAACA7A4AAAAAAMjuAAAAAADI7gAAAAAAgOwOAAAAANAxsVEC6KBic8nvHqUXUXoRldegHm8XTVUy1yULPRrnQo7GbfEKabmS69GivCJpXpG0qkaGkr9V1FUZhrpMI12mhzPH0pjV6suPj08IOHc+MyMzPSOzoqICBX+raGhomJuZmpmZjRkzysHBHgUBaIAhk+FDqxEymUwsFldVVWlpaaEa75o6Me2+QkfCSYo3/1uPyaAPBtCSwcRutQAnEtPpq3WB4UIc/NrBRxSDRvXnThrMY7XSReK6OuG+ffuP/fGXVCpFed/2vZ/JnDFjmu9HC9hsnGd8B5WWlqqrq7PZbAaDgWoguyO7w8ulFNBnxymrGJVoT6z1aYsPWeu3fEk5BdJfTtbkFyO3tSd8fabvRFW+fkvze2pq2uo1X2dnZ6Ok7YiVpeX69WutrCxRCmR3qP9aixJAx3IhFsG9XX7juhDbKksKjxMhuLc7OQXS8DhRy5cTFHwJwb3dSU1LCwq+hDoAILtDhxSTQ4duogzt0qGblFLQwmWk5UoCw4WoZXsUGC7MKWjRl67Y2Ljff/8DlWyPfv/9j9TUNNQBANkdOp6AaEInsXZKJqMTt1q4jBvRIrR/+23/y7db9L0rMPAi+oi229aXnTp1BnUAQHaHjif5MWrQjmUUtXAB2fnoLdOOPX7SouZLSU1FDduvzKwsFAEA2R064OH/CWrQnrN7S5sv74kEVWy/8lqW3TMzEf7asSxkdwBkd+iIqupQg3aspLqFC6hB+7dnFdUt6vFSXV2NGrbjvb+kFEUAQHYHAAAAAEB2BwAAAAAAZHcAAAAAAGR3AAAAAABAdgcAAAAAAGR3AAAAAABkdwAAAAAAQHYHAAAAAABkdwAAAAAAZHcAAAAAAEB2BwAAAACAl2OjBABtRY1L8zyopxlZ6lFxFSXm0eEwSs5//YwMBmmpUUl143/1sqXZ/clSj0QSyiqms/coIIZkMiIiLTUqryGprNmrqsIhFpOq65o949Ih5GhMCw+jtZuOxaKhvbgDnTl62syKalluoSQwXPggS9LWr6vKoy2+6n9fqY2IE6MV3q5DhZra7Nkz3VxdLCzMi4uLk5If/P77HykpqUTEZDL379vzKC9v3boNRMTj8dgsVvXTp/IZ1679SsDnL/xosfLSXFycN2/asO7rDffvR7/iRZ2cHLds3uC7aOmjR3loAoB2BOfdAdqGvSGdXUbzB5KFLqUWEBGN7EFHF9Jop9fPu2AgBa2iziqN/GmME/00jRz5lP6EHpeTgxFtmkifjCAi4rEp8GNaPuxN1vbn6fTrB28yoxOfnARo7WaZN0ZlxgierhbzYa6kTihzsWavmaPmYtPmZ1K0NZi6XRgmBiw0wVvFzs72+PFjc+fMNjc3S017yGAwRgwfduC3vSNHjpBndy1tra46OvKJt/+wdceO/1PM6+bm6uTkyOFwGixQV7ernZ3tq1/XyspST0/P1MQETQDQvuC8O0AbUOXS95NJT4P2XadfQ0ksJSLqaUqfjiSjLk0IWZ2IwyJ1HlXWNvzTXHciovd30cMiIiIddRrjROFpREQqHFLlkpbaG8U6dVLjot3+BepqDA9nTnG57IudVUIRERFfn+lszU7NlqA4HfFQoaq6ZfNGPV3dgwcP79t/QCKREJGrq8vHK5d369aNiMRi8aRJU+XPE5GWlpaqmirqBoDsDgCtanJP4mtTYCztDHn+5J1Mmrr7H5NN6kk+PclUhx6X08nb9GcUEdGRBeRoTER04RM6e582nP1n9FMhIjLSrs/uxVV0+CYRkYc1/TiNiGi8C41woGl7KOMJORjRkiFka0BsFsXl0vYgSiskIpozgEY60s+X6bP3KDiBpvWpP8d/fwOtP0v+0S9dNyLS16AvR5ObCRVU0KGbaOrmUuMREXE4pKnOy1llKgAADoBJREFUKCqVEVFOgTSnQKiYoF8P9nt9ed26MutEsugU8Z/BtU9riYjmjVUprZQ9KpIM78M10GHeTRIfOl87xp3bvwdHU50RHCU8e01IRLYmLF9v1f87/nRkf56DOavyqezqXdGFCOGLa6LbhTFlqIq1gMVhU3Km5ERIXX6xlIhUeTR1mIqzNVuVx3hUJDkXJrybjD42bcXbe4KxsVFQUPCeX/cpnrx37/6s2XMVD7dt/S4/v2Df/t/+PvmXuro6EUVG3Ni85dvz5y+8dvkuLs6bNq1fvHhZTk4uEWlqah45fODHn36+evWafAINTY1Nm9b37dO7tLTs1OkzJ078jUYBQHYH6HjsjYiIztx71TRfjqL3e9O5GPK/T1b6tOo9MtCkH4PpWASxBpC9If0VRVeSG84VkkjT+9LP0ym9iMLT6Goy3c0imYyS8uhoOM11p5QCCoqjx+WkwqFDH9KdTPojkiz1aYgd7ZpFo34ksZTsjcjGgLZOptgcuvaAqmpprjuxWfRnFN3LetW6cdl08EMy7EIRD+lxGS0bQl3U0NrNUlgqyy6QCvSZ25apP8yVxD0U30oU5xVJ69845qyFE1Qj40X3U0TdzdieLhxVHmPHyRoicrNlq3AZ5dWyxAyxnhZzkBvHSsASiSkrX9LTjuPtxbsZKyoqlRnrMbU1GGvmdnqQJbmdKHa1ZU8bzmMy6fxNYYPgvsVXvfKp7PJtoUxGAxw56+apfb23urhcNnOkiocT50KEMO+J1EbAmjZcJTqlSiJF07WJ7nZ2ROTvf+5VhxP77tra2uXlFQcOHp41cwaHwz5+4u/o6BjFBFs2b5BIn7eQieB5NzYLC3M9XV0Bny/P7t26GRgY6NtYWymy+5dffBYbG3cl9OpAD/dVn6xkMBjHj59EuwAguwN0MMbaRESPy+ofHl1APYzr/383i+YfJIE2Te1D52No3Zn654sqaf5AOhZJQfHkIiB7Qzp8kx6XN1zy9iCqqqNpfchcl8x1aWY/Si2gL/+mh4V0KIzmulNSHv12o35iz/88v/3085E0vS+Z61JKQf0zK/+k2xlERAmPaJwLqXFp1xUiIhOdl66buxUZdqFjkbTtAhGROo/+8CV9DTR4s2z7/en04Sq9urOt+CwrPsvbi3fvgXjP6ZpaISWkSxZtraytIyI6e024xbeTg/nzo3TlU9naPVVPa8nVhr1yqmr+E+nPJ2qIaMYI2Yi+XD0tZlFpfc+K45dqL90SEdHZa4z/LFUf485rkN0nDVHhcWn9vqfyc+1X7gh/XNl5rAfv0LlaEwNWVY0sKFJYUiG7dk+E9mpTRkaGRPQ4v/4W9t9++9XB3l7+//v3oxctXiaT1d96LpVKjx37c/Sokapqqnv37ldeiJeX5xuvwP7fDh49eoyI9u07cOL4sblzPkB2B0B2B+h4MovI3pAEOpRbSkR07QEVVRIRuZiQmwkJtKm7IRHRaKeGt67qdabCilctWSylXVdo71VyMyV3KxrhQFb6tH0qjf+5kYk/9KAJrsRg0J2M+hVQvv81Lrfxl3jFulkbEBH5PbueUFVHBeXI7s1VXiXbfbrm0HnqYcl2smL37s5xtWFPH6FyIKBWXY0xZ7SKoyW78qnsVoKoukYm0P/HjPL+M0VlUiJ6XFx/qrWoTEZETMbzKQtL6wNfaaUs7qG4lx1bqzNDeR3MDJlMBm1d2kn5SR1NBhHdiBbNGMH76WP1vCfSu8nikNvCkgoZWq2tDhWZWXZ2tnw+Xz7YS9iNm8VPionIycnRxcXZ2Ng4JyfntQtx9xgkEj3/ljV9+tQVy5c2cQXSH6bL/1NcXBwRETVs2BAdHZ3i4mI0DQCyO0BHEv+IRjvR+73r7yLdf73++X1zqJcZEVFxNRHRX7fo9J3nc1UL6VFpk5YvllJUOkWl065QOreCTHRIT4Pq/nmKdFJPmudBV5Lo5G3SUKVlQ5u68q9Yt7HOREQIcq2hpo5uJYhvJYgv3xJuXNCpuxmbiGaPVOndnR0QJoxLE5t0Y5kbtcKYMPLM3qDRKqpkXTVp02/Vyp1hCkqkRBQUKYxJFXs4c+zN2WMGcIf15q7dU6X4MgCtKzEpaeTIEZN8JkZGRhHRwUNH5M/v2vmzm5srg8FonZdp2nJkJCMiFhMD0AG81bCLArSB03cp8wl52tCqEcR5Fr/supFJVxJJ6EkVJT+mWhH1MqX0J5RSQCkFlFrYMLhzG/tq/fU4WjKE1Hn1D1U5xGaRREpl9eM9E+/ZXHaGRES7rlDEQwqKp1N3XrPOipd7xbrJB7uUJ3j5a2l3Qms3i6Y6Y8X7qp6uHEWaUlNhEFFZlZSITA2ZVTWykyF1yVmSoMg3H/TdSLf+2N6lM8PBgl1VIyur/Ef4TsmRsFnUrSszp0Aq/5dbKJWPe8PlUH6x9GRI3YZ91btP16hwSf69AtqCn59/Vla2h4f7iuVLFUM92traCAQCkUhU/OTJi7PwuM0YEkoqkRKRrm5X+UPlrvByAgFf/h8trS59+/SprKwsLCpCuwC8zXBEBmgDdWL68iT9NJ1m9aeJbpRaQDrqJNAmIjoYVt8HfecVWjWCjsynwFhSV6GJrnT8Fh24QURUVkNEtHoMXYz7xw2vbCb1tSDDLjSzL6UWUlUtOfJJnUdHw0koJqmUxFLysKZPRtBfURSbQz5utHwYHQ2nzirPA3ejyp6SpR5tnEDnYuh2xkvX7VwMLfCk2f3JtCvll1M/C9JDh5nm6azGcLRiu9mypwzh5RRIWSyy4rOI6u8lTcuRuDtxpg7j3UkWC/SZlvw3PO/uPYhnb84uKJG62bJVuPTXpYbjzATcqOvfg7NgvKqFkTC/RNrdlN3djL3sh0qRmDYu6MRk0s0YUVWNzN2JI5NRxmOMX9lmh4o64dp16/+77fvp06eOHz82Ne2hjrY2n29MREeO/K74DSaF8vJyCwvzdWtXB164ePfuvdcuPyMzk4iWLlnk4GCvoaHRu1fPBhMsW7akV+9eeXl5ngM9NDQ679i5G40C8JZjbdiwAVVo/HSFVCoUClVVMZLuO2TP1X/vtZ5U0am7RESqXLLSJxaTorPpx2D669lgi7E5lPGEHPk03IGMtSgul/6MpIpaIqLsEnIxIbtuRAwKTlB6U8ooMJakMuKwyUSbunWh7BLae5UOhpGMSCqjGhG5mpCpDkWlU2gyEYO8bGi4A6lyKCCaHPl0IIyq64ivTVqd6K9bz5ecX0E9zcjGgLKLKSbnpesmltKVJOLrkIuANFXpUBhlFRODUT+s5L/Ad1BL5j5zTfg/fw9WVMvuJYvZbAaHwxDos1S4jPQ86YGA2rg0CRElZYp1urD6OXCcrNglFbKsfAmLSfIbRu3MWLmF0phUMRFJpLJ+Pbg3Y0SPiqRExOOSvTn7QoSwupbMjVhOVuzf/Gt1NJmuNuzaOllAmPBCuFAxV3icKLdQKpZQeJxIszPDyZLjZMURiWXBUcLUHCkRPciSGOux3Gw5rjacmjo6erE2MeNtye4TvXhvPO/+/QfezsNScXHJWb8AGZGqqqqlpQWTyYyJjftlx66TJ0/JJ3BzdU1PTw8PjyCigoJCN1dXKyvL3NxHcXHx5mZm1dXVAQHnlRfIZDL79O3955/HCwsL8/PzVXg8KytLI0PDnOycjZu+8XAfcD7wQmZmloqKSp/evT/7/CtbGxsPjwHV1U+PHPn999//eGuP3wvmz8OH2LuktraWy+UymcxW6xvWYTAU97CDMplMJhaLq6qqtLS0UI13h/N61KB9i97Ykrlnb6x85ys0tBdn9iiVH/6okaf8d8yR9Z3feN4+fd2xA7VrUZFhKMK7pLS0VF1dnc1mI7s3F/q7AwAAAAAguwMAwL8rp1BaWil7XIwe6gAA7ybcqwoA8O54kCVZsb0KdQAAeFfhvDsAAAAAALI7AAAAAAAguwMAAAAAILsDAAAAAACyOwAAAAAAILsDAAAAACC7AwAAAAAAsjsAAAAAACC7AwAAAAAguwO0T9qdUIOO3HwanRioYvvVwubT1tZCDdvx3o/mA0B2h47Iphtq0JGbz8QAR7x2rIXNZ21lhRq2X2g+AGR36JBsDVCDjtx8AgMWqth+tbD5rKwR/toxNB8Asjt0SBPdiI301j6pcsnbrYXL8HLlsND+7ROPS4PcuC1ZwvhxY9hsNirZLvd+VdXx48aiDgDI7tDxCLRp8SCUoV1aMpj42i1chr4209uLh1q2R5MG8fS0WtTfnc/nL1zwISrZHn300QI+3xh1AEB2hw5pjjt6zrQ/NgY0vW+rLGnMAC56vbe/L90GzOF9uC1fzsyZ063R9aK9sbKynDLZB3UAUGBt2LABVWiUVCoVCoWqqqooxTuFwaCxLiSRUmwOyVCOtx6TQR8MoG8nEYfVWu3v4cyVSCktV4Lqtov9dfQA7iJv1Vbp7MRkMkePGiWWiOPjE2Qy7P9v/d7PZM6cMW3jxvUcDgfVePfU1tZyuVwmk8lgYASwZh4YcfxqlEwmE4vFVVVVWloYl+odFZtL/vfpYSGlF1F5DerxdtFUJXNdMtel8a7k2CbXytNyJTeiRY+KpHlF0qoaHAbfLuqqDENdpqEuc6Azx9K49e9RiI9POHcuMCMjIz0js6KiAgV/q2hoaJibmZqamY4dM9rBwR4FeVeVlpaqq6uz2Wxkd2R3ZHcAAAAAZPd3E/p9AgAAAAAguwMAAAAAALI7AAAAAACyOwAAAAAAILsDAAAAAACyOwAAAAAAsjsAAAAAACC7AwAAAAAAsjsAAAAAALI7AAAAAAAguwMAAAAAALI7AAAAAACyOwAAAAAAILsDAAAAAACyOwAAAAAAsjsAAAAAACC7AwAAAAAguwMAAAAAALI7AAAAAAAguwMAAAAAILsDAAAAAACyOwAAAAAAILsDAAAAACC7AwAAAAAAsjsAAAAAACC7AwAAAAC0Z/8PMZPHb+/ZTKQAAAAASUVORK5CYII=\" data-filename=\"chartjs.png\" style=\"width: 50%;\"></p><p><br></p><p>Chart Js!</p>',	'',	1,	'publish',	'2019-01-16 13:12:16',	'2019-01-16 14:49:12');

DROP TABLE IF EXISTS `cp_qa_question_rel`;
CREATE TABLE `cp_qa_question_rel` (
  `id` int(10) NOT NULL AUTO_INCREMENT,
  `group_id` int(10) DEFAULT NULL,
  `question_id` int(10) DEFAULT NULL,
  `created_at` datetime DEFAULT NULL,
  PRIMARY KEY (`id`)
) ENGINE=InnoDB DEFAULT CHARSET=latin1;

INSERT INTO `cp_qa_question_rel` (`id`, `group_id`, `question_id`, `created_at`) VALUES
(1,	1,	1,	'2019-01-07 14:23:44'),
(2,	1,	2,	'2019-01-07 14:24:03'),
(3,	1,	3,	'2019-01-08 13:38:43'),
(4,	3,	4,	'2019-01-09 13:51:12'),
(5,	3,	5,	'2019-01-09 13:57:02'),
(6,	3,	6,	'2019-01-09 14:03:29'),
(7,	4,	7,	'2019-01-09 15:03:45'),
(8,	4,	8,	'2019-01-09 15:04:05'),
(13,	1,	9,	'2019-01-16 13:11:52'),
(23,	1,	10,	'2019-01-16 14:49:12');

DROP TABLE IF EXISTS `cp_qa_result`;
CREATE TABLE `cp_qa_result` (
  `result_id` int(5) NOT NULL AUTO_INCREMENT,
  `group_id` int(5) NOT NULL,
  `user_id` int(10) NOT NULL,
  `score` int(3) NOT NULL,
  `duration` int(10) NOT NULL,
  `total_question` int(3) NOT NULL,
  `total_right` int(3) NOT NULL,
  `total_wrong` int(3) NOT NULL,
  `created_at` datetime NOT NULL,
  `updated_at` datetime NOT NULL,
  PRIMARY KEY (`result_id`)
) ENGINE=InnoDB DEFAULT CHARSET=latin1;

INSERT INTO `cp_qa_result` (`result_id`, `group_id`, `user_id`, `score`, `duration`, `total_question`, `total_right`, `total_wrong`, `created_at`, `updated_at`) VALUES
(1,	1,	1111,	100,	34,	3,	3,	0,	'2019-01-09 15:22:42',	'2019-01-09 15:23:16'),
(2,	1,	1111,	33,	10,	3,	1,	2,	'2019-01-10 16:06:57',	'2019-01-10 16:07:07'),
(3,	4,	1111,	0,	5,	2,	0,	2,	'2019-01-10 16:07:10',	'2019-01-10 16:07:15'),
(4,	1,	1111,	0,	0,	0,	0,	0,	'2019-01-12 13:53:52',	'0000-00-00 00:00:00'),
(5,	1,	1111,	0,	0,	0,	0,	0,	'2019-01-12 13:54:04',	'0000-00-00 00:00:00'),
(6,	1,	1111,	0,	0,	0,	0,	0,	'2019-01-16 13:14:55',	'0000-00-00 00:00:00'),
(7,	1,	1,	0,	0,	0,	0,	0,	'2019-01-16 15:25:53',	'0000-00-00 00:00:00'),
(8,	4,	1,	0,	0,	0,	0,	0,	'2019-01-16 15:31:02',	'0000-00-00 00:00:00'),
(9,	1,	1,	80,	608,	5,	4,	0,	'2019-01-16 15:36:05',	'2019-01-16 15:46:13'),
(10,	1,	1,	60,	1448,	5,	3,	0,	'2019-01-16 15:52:54',	'2019-01-16 16:17:02'),
(11,	1,	1111,	0,	1494,	5,	0,	0,	'2019-01-24 13:43:26',	'2019-01-24 14:08:20'),
(12,	1,	1,	0,	81,	5,	0,	0,	'2019-01-24 17:20:24',	'2019-01-24 17:21:45'),
(13,	1,	1,	0,	63,	5,	0,	0,	'2019-01-24 17:21:52',	'2019-01-24 17:22:55'),
(14,	1,	1,	0,	106,	5,	0,	0,	'2019-01-24 17:22:58',	'2019-01-24 17:24:44');

DROP TABLE IF EXISTS `cp_qa_school`;
CREATE TABLE `cp_qa_school` (
  `id` int(10) NOT NULL AUTO_INCREMENT,
  `name` varchar(255) NOT NULL,
  `npsn` int(10) NOT NULL,
  `status` varchar(255) NOT NULL,
  `created_at` datetime DEFAULT NULL,
  `updated_at` datetime DEFAULT NULL,
  PRIMARY KEY (`id`)
) ENGINE=InnoDB DEFAULT CHARSET=latin1;

INSERT INTO `cp_qa_school` (`id`, `name`, `npsn`, `status`, `created_at`, `updated_at`) VALUES
(1,	'SDN 5 Cimareme',	101010,	'active',	'2018-10-25 12:22:28',	'2018-10-25 12:22:54'),
(2,	'SMK Garuda Cimahi',	1515,	'active',	'2018-10-25 12:22:41',	'2019-01-08 15:49:49');

DROP TABLE IF EXISTS `cp_qa_users`;
CREATE TABLE `cp_qa_users` (
  `id` bigint(20) NOT NULL AUTO_INCREMENT,
  `name` varchar(40) NOT NULL,
  `email` varchar(200) DEFAULT NULL,
  `username` varchar(200) DEFAULT NULL,
  `password` tinytext,
  `confirm_password` varchar(50) NOT NULL,
  `status` varchar(20) DEFAULT 'inactive',
  `handphone` varchar(30) NOT NULL,
  `nisn` varchar(30) NOT NULL,
  `jenis_kelamin` varchar(10) NOT NULL,
  `token` text NOT NULL,
  `school_id` int(3) NOT NULL,
  `role_id` int(3) NOT NULL,
  `created_at` datetime DEFAULT NULL,
  `updated_at` datetime DEFAULT NULL,
  `last_login` datetime DEFAULT NULL,
  PRIMARY KEY (`id`),
  UNIQUE KEY `email` (`email`),
  UNIQUE KEY `username` (`username`)
) ENGINE=MyISAM DEFAULT CHARSET=latin1;

INSERT INTO `cp_qa_users` (`id`, `name`, `email`, `username`, `password`, `confirm_password`, `status`, `handphone`, `nisn`, `jenis_kelamin`, `token`, `school_id`, `role_id`, `created_at`, `updated_at`, `last_login`) VALUES
(1,	'Mimin Super',	'admin@admin.com',	'admin',	'21232f297a57a5a743894a0e4a801fc3',	'',	'deleted',	'087778086140',	'084400033',	'Laki-laki',	'',	1,	1,	'2013-09-02 00:00:00',	NULL,	'2016-04-14 20:40:27'),
(1111,	'Rika Fitriyani',	'rika@gmail.com',	'rika',	'827ccb0eea8a706c4c34a16891f84e7b',	'12345',	'active',	'08777777',	'081100000',	'Perempuan',	'',	2,	7,	'2018-09-15 12:46:29',	NULL,	NULL),
(33686,	'Rudy',	'rudy@gmail.com',	'ruddy',	'827ccb0eea8a706c4c34a16891f84e7b',	'',	'active',	'',	'121212',	'Laki-laki',	'',	2,	7,	'2019-01-07 17:18:39',	NULL,	NULL),
(33680,	'Putra Setia',	'putra@gmail.com',	'putra',	'827ccb0eea8a706c4c34a16891f84e7b',	'',	'active',	'',	'081100044',	'Perempuan',	'',	1,	7,	'2018-11-14 07:41:44',	NULL,	NULL),
(33688,	'Rina',	'rina@gmail.com',	'rina',	'827ccb0eea8a706c4c34a16891f84e7b',	'',	'active',	'',	'33333',	'Perempuan',	'',	1,	7,	'2019-01-07 17:27:08',	NULL,	NULL),
(33687,	'Syaiful',	'syaiful@gmail.com',	'syaiful',	'827ccb0eea8a706c4c34a16891f84e7b',	'',	'active',	'',	'77777',	'Perempuan',	'',	1,	7,	'2019-01-07 17:21:30',	NULL,	NULL),
(33689,	'Malika',	'malika@gmail.com',	'malika',	'827ccb0eea8a706c4c34a16891f84e7b',	'',	'active',	'',	'31313131',	'Laki-laki',	'',	2,	7,	'2019-01-08 17:16:28',	NULL,	NULL);

DROP TABLE IF EXISTS `cp_qa_user_roles`;
CREATE TABLE `cp_qa_user_roles` (
  `id` bigint(20) NOT NULL AUTO_INCREMENT,
  `role_name` varchar(200) DEFAULT NULL,
  `created_at` datetime DEFAULT NULL,
  `updated_at` datetime DEFAULT NULL,
  PRIMARY KEY (`id`),
  KEY `NewIndex1` (`role_name`)
) ENGINE=MyISAM DEFAULT CHARSET=latin1;

INSERT INTO `cp_qa_user_roles` (`id`, `role_name`, `created_at`, `updated_at`) VALUES
(1,	'Super',	'2013-05-13 10:32:53',	'2013-05-13 10:32:53'),
(2,	'Writer',	'2013-05-13 10:32:53',	'2013-05-13 10:32:53'),
(3,	'Member',	'2013-05-13 10:32:53',	'2013-05-13 10:32:53'),
(7,	'Student',	'2018-10-23 18:23:29',	'2018-10-23 18:23:29');

-- 2019-02-24 14:17:54
